record_id,paper_group,method_id,process_method,display_label,view,cluster,pcoa1,pcoa2
e116-s21-prasad-2018,article:e116,M1,Solution Processing,Solution processing,method_blind_process,1,0.19603056737803773,-0.14097873379668843
l225-s8-ma-2007,article:l225,M3,In-Situ Polymerization,In-situ polymerization,method_blind_process,1,-0.09658476237144477,0.2380583371751237
l182-s7-hoepfner-2017,article:l182,M3,In-Situ Polymerization,In-situ polymerization,method_blind_process,1,0.11073547508731932,0.24670022629596344
l254-s7-castillo-2011,article:l254,M2,Melt Mixing,Melt mixing,method_blind_process,1,0.01158471244818429,0.16620035211268874
l171-s15-rittigstein-2006,article:l171,M1,Solution Processing,Solution processing,method_blind_process,1,0.1792521829727166,-0.13182067172862172
l320-s2-wang-2014,article:l320,M1,Solution Processing,Solution processing,method_blind_process,1,-0.10938914871717655,0.3791464607697845
l324-s5-zhu-2017,article:l324,M2,Melt Mixing,Melt mixing,method_blind_process,1,0.12946873013746626,-0.2380140240794437
l174-s6-ramanathan-2008,article:l174,M1,Solution Processing,Solution processing,method_blind_process,1,-0.30063241054697126,-0.0758081348867501
l225-s1-ma-2007,article:l225,M3,In-Situ Polymerization,In-situ polymerization,method_blind_process,1,-0.22717884680082276,0.08857746006311992
l196-s4-petersson-2006,article:l196,M1,Solution Processing,Solution processing,method_blind_process,1,0.049238206356019235,0.13642531098927851
l385-s3-bailey-2019,article:l385,M1,Solution Processing,Solution processing,method_blind_process,1,0.258629740877652,0.0042103662235900546
l308-s4-demetrio-2013,article:l308,M3,In-Situ Polymerization,In-situ polymerization,method_blind_process,1,-0.09824536967261725,-0.10086865233532867
l240-s6-hong-2005,article:l240,M2,Melt Mixing,Melt mixing,method_blind_process,1,-0.30667480497276733,0.20956636456594047
l262-s5-oyarzabal-2016,article:l262,M2,Melt Mixing,Melt mixing,method_blind_process,1,-0.28284223961184135,-0.29594503096183544
l378-s1-sotta-2017,article:l378,M1,Solution Processing,Solution processing,method_blind_process,1,-0.3476022658366213,-0.13166313731219023
l110-s7-singha-2008,article:l110,M2,Melt Mixing,Melt mixing,method_blind_process,1,0.11975689095510432,-0.1281019340883781
l238-s3-zhao-2008,article:l238,M1,Solution Processing,Solution processing,method_blind_process,1,0.16305370454386997,0.2869055687105556
l242-s4-narayanan-2006,article:l242,M1,Solution Processing,Solution processing,method_blind_process,1,-0.35888937759364625,-0.1345825043101738
l140-s9-gao-2012,article:l140,M2,Melt Mixing,Melt mixing,method_blind_process,1,0.08256075764260883,-0.21478589535854634
l210-s4-zhang-2014,article:l210,M2,Melt Mixing,Melt mixing,method_blind_process,1,0.1318411437657161,-0.22921952904541568
l380-s1-zhao-2017,article:l380,M2,Melt Mixing,Melt mixing,method_blind_process,1,-0.3717926901142518,-0.15511988034774074
l386-s54-jimenez-2019,article:l386,M1,Solution Processing,Solution processing,method_blind_process,1,0.18095091710303435,0.0923126851491858
l121-s8-nelson-2005,article:l121,M1,Solution Processing,Solution processing,method_blind_process,1,0.20048891113989292,0.13941055933279176
l379-s8-liu-2017,article:l379,M1,Solution Processing,Solution processing,method_blind_process,1,0.04997371400545249,0.018538253067661947
l211-s17-ash-2004,article:l211,M3,In-Situ Polymerization,In-situ polymerization,method_blind_process,1,-0.09842145664174043,0.34511069265682026
l396-s6-ghosh-2013,article:l396,M3,In-Situ Polymerization,In-situ polymerization,method_blind_process,1,-0.013244405523580617,0.3362217747190864
l111-s3-singha-2009,article:l111,M2,Melt Mixing,Melt mixing,method_blind_process,1,0.2557423237291638,-0.061958549711577444
l211-s15-ash-2004,article:l211,M3,In-Situ Polymerization,In-situ polymerization,method_blind_process,1,-0.0984214566417404,0.34511069265682026
l313-s2-huang-2014,article:l313,M2,Melt Mixing,Melt mixing,method_blind_process,1,0.14830940461441777,-0.2874559339635751
l290-s24-si-2006,article:l290,M2,Melt Mixing,Melt mixing,method_blind_process,1,-0.3211800309590867,-0.10559884751413359
l229-s2-bao-2011,article:l229,M3,In-Situ Polymerization,In-situ polymerization,method_blind_process,1,-0.12121558726818876,0.3920087497086182
l203-s17-ma-2009,article:l203,M1,Solution Processing,Solution processing,method_blind_process,1,0.18664247619892035,0.29905550304656525
l383-s1-sadeghi-2017,article:l383,M2,Melt Mixing,Melt mixing,method_blind_process,1,-0.37198633091933175,-0.1545096923796393
l309-s4-torki-2010,article:l309,M2,Melt Mixing,Melt mixing,method_blind_process,1,-0.29746194795309666,-0.3028284554530204
l142-s2-gao-2014,article:l142,M1,Solution Processing,Solution processing,method_blind_process,1,0.16055073983552315,0.2313210232296761
l177-s2-yang-2013,article:l177,M1,Solution Processing,Solution processing,method_blind_process,1,-0.36765795329444495,-0.12549747894288435
l274-s3-goh-2003,article:l274,M2,Melt Mixing,Melt mixing,method_blind_process,1,-0.20876720267491808,0.04530871704300022
l221-s8-dai-2008,article:l221,M3,In-Situ Polymerization,In-situ polymerization,method_blind_process,1,-0.22690333426705478,-0.22832409606953027
l191-s3-xie-2004,article:l191,M3,In-Situ Polymerization,In-situ polymerization,method_blind_process,1,-0.155830890880215,-0.1797515216816827
l275-s1-zhou-2006,article:l275,M2,Melt Mixing,Melt mixing,method_blind_process,1,-0.20300259992304795,0.3985797676080045
l382-s1-huang-2019,article:l382,M1,Solution Processing,Solution processing,method_blind_process,1,-0.08586432664023201,-0.10347425162374324
l258-s4-du-2004,article:l258,M1,Solution Processing,Solution processing,method_blind_process,1,-0.29294972882060866,0.24493775004427285
l200-s4-schoch-2008,article:l200,M1,Solution Processing,Solution processing,method_blind_process,1,-0.23534033655702521,-0.03865819228314941
l325-s5-manafi-2015,article:l325,M1,Solution Processing,Solution processing,method_blind_process,1,0.11272543281312743,0.2520585406979914
l180-s3-maillard-2012,article:l180,M1,Solution Processing,Solution processing,method_blind_process,1,-0.23144454225090294,0.0966785623372251
l310-s5-chatterjee-2007,article:l310,M2,Melt Mixing,Melt mixing,method_blind_process,1,-0.20546308489219228,0.13075898053817947
l413-s3-botta-2018,article:l413,M2,Melt Mixing,Melt mixing,method_blind_process,1,0.3541024183831649,-0.1245399769324208
l375-s4-rishi-2018,article:l375,M2,Melt Mixing,Melt mixing,method_blind_process,1,-0.3748627497564752,-0.15620338479803578
l252-s3-ameli-2014,article:l252,M2,Melt Mixing,Melt mixing,method_blind_process,1,-0.14474872975629627,-0.1076181011697194
l154-s3-eitan-2005,article:l154,M1,Solution Processing,Solution processing,method_blind_process,1,0.23855573759768067,0.00048111321891503646
l376-s6-carroll-2017,article:l376,M1,Solution Processing,Solution processing,method_blind_process,1,0.30634976498098193,-0.006982932395205103
l111-s4-singha-2009,article:l111,M2,Melt Mixing,Melt mixing,method_blind_process,1,0.2557423237291638,-0.06195854971157746
l179-s5-ramanathan-2007,article:l179,M1,Solution Processing,Solution processing,method_blind_process,1,0.15563416562825433,-0.15204909230900793
l221-s4-dai-2008,article:l221,M3,In-Situ Polymerization,In-situ polymerization,method_blind_process,1,-0.2269033342670547,-0.22832409606953022
l208-s5-li-2012,article:l208,M2,Melt Mixing,Melt mixing,method_blind_process,1,0.10875576413696486,-0.2976101912857486
l209-s7-ash-2001,article:l209,M3,In-Situ Polymerization,In-situ polymerization,method_blind_process,1,0.4627861377757575,-0.12467731333677722
l136-s5-vescovo-2010,article:l136,M1,Solution Processing,Solution processing,method_blind_process,1,0.05775753182946673,-0.1424784028861341
l259-s2-chen-2017,article:l259,M3,In-Situ Polymerization,In-situ polymerization,method_blind_process,1,-0.13268794034998044,0.14944420507952957
l314-s4-diezpascual-2011,article:l314,M1,Solution Processing,Solution processing,method_blind_process,1,0.08908477897947263,-0.1340053073752719
l282-s3-cui-2008,article:l282,M3,In-Situ Polymerization,In-situ polymerization,method_blind_process,1,0.2023691213101381,-0.030546898556237687
l118-s1-fidelus-2005,article:l118,M2,Melt Mixing,Melt mixing,method_blind_process,1,0.17411941523391739,0.12248935820762659
l278-s2-choi-2001,article:l278,M3,In-Situ Polymerization,In-situ polymerization,method_blind_process,1,0.20654668837499515,-0.13287565388669453
l146-s4-tao-2011,article:l146,M3,In-Situ Polymerization,In-situ polymerization,method_blind_process,2,0.1785678984075971,-0.07895102700200245
l132-s4-holt-2014,article:l132,M1,Solution Processing,Solution processing,method_blind_process,1,0.2647275922352949,-0.1302781679497826
l137-s8-yang-2014,article:l137,M1,Solution Processing,Solution processing,method_blind_process,1,0.15521939260224982,-0.009272468425229278
l271-s15-sun-2004,article:l271,M1,Solution Processing,Solution processing,method_blind_process,1,-0.3720717713232237,-0.1282321032574149
l266-s8-kalaitzidou-2007,article:l266,M2,Melt Mixing,Melt mixing,method_blind_process,1,-0.1562687502381819,-0.1089847604342828
l261-s2-wang-2016,article:l261,M1,Solution Processing,Solution processing,method_blind_process,1,-0.014520169770369427,0.20690009876637983
l377-s4-wanasekara-2017,article:l377,M1,Solution Processing,Solution processing,method_blind_process,1,0.06941892328994434,-0.1353101345098783
l318-s3-patsidis-2014,article:l318,M2,Melt Mixing,Melt mixing,method_blind_process,1,-0.20186812771694812,0.3421868278774643
l375-s1-rishi-2018,article:l375,M2,Melt Mixing,Melt mixing,method_blind_process,1,-0.37479285752297986,-0.15611907248760298
l146-s3-tao-2011,article:l146,M3,In-Situ Polymerization,In-situ polymerization,method_blind_process,2,0.17856789840759718,-0.07895102700200249
l304-s3-stockelhuber-2011,article:l304,M2,Melt Mixing,Melt mixing,method_blind_process,1,-0.32312539505109844,0.20115348783611203
l229-s7-bao-2011,article:l229,M3,In-Situ Polymerization,In-situ polymerization,method_blind_process,1,-0.12121558726818864,0.3920087497086183
l316-s3-chandrasekaran-2013,article:l316,M2,Melt Mixing,Melt mixing,method_blind_process,1,-0.17040058426070373,0.38892971848917557
l120-s11-murugaraj-2005,article:l120,M3,In-Situ Polymerization,In-situ polymerization,method_blind_process,1,0.5169306341542822,-0.12878757667616686
l297-s1-shen-2004,article:l297,M3,In-Situ Polymerization,In-situ polymerization,method_blind_process,1,0.09218060763411613,0.19745735848154153
l267-s3-kim-2006,article:l267,M1,Solution Processing,Solution processing,method_blind_process,1,-0.24504794782237121,0.33121656069941796
l279-s1-motaung-2012,article:l279,M2,Melt Mixing,Melt mixing,method_blind_process,1,-0.3019096261441387,-0.30607337353681774
l302-s3-bandyopadhyay-2005,article:l302,M1,Solution Processing,Solution processing,method_blind_process,1,0.02079282347696437,-0.11345171412016052
l396-s4-ghosh-2013,article:l396,M3,In-Situ Polymerization,In-situ polymerization,method_blind_process,1,-0.01324440552358068,0.3362217747190864
l297-s2-shen-2004,article:l297,M3,In-Situ Polymerization,In-situ polymerization,method_blind_process,1,0.09218060763411608,0.19745735848154153
l287-s3-jang-2008,article:l287,M3,In-Situ Polymerization,In-situ polymerization,method_blind_process,1,0.2590223418370105,0.2705138658778246
l129-s12-wu-2011,article:l129,M1,Solution Processing,Solution processing,method_blind_process,1,-0.30751063117477495,-0.09370642747987366
l191-s2-xie-2004,article:l191,M3,In-Situ Polymerization,In-situ polymerization,method_blind_process,1,-0.1558308908802149,-0.1797515216816827
l209-s12-ash-2001,article:l209,M3,In-Situ Polymerization,In-situ polymerization,method_blind_process,1,0.4627861377757574,-0.1246773133367773
l397-s1-tuncer-2007,article:l397,M1,Solution Processing,Solution processing,method_blind_process,1,0.20751245261457885,0.0496885589977245
l102-s8-hu-2007,article:l102,M2,Melt Mixing,Melt mixing,method_blind_process,1,-0.3046904370886064,-0.30040990016588387
l294-s4-sarwar-2007,article:l294,M3,In-Situ Polymerization,In-situ polymerization,method_blind_process,1,0.2536038277620533,0.05054040955248391
l278-s1-choi-2001,article:l278,M3,In-Situ Polymerization,In-situ polymerization,method_blind_process,1,0.2065466883749951,-0.13287565388669453
l287-s4-jang-2008,article:l287,M3,In-Situ Polymerization,In-situ polymerization,method_blind_process,1,0.2590223418370105,0.2705138658778246
l217-s6-ash-2002,article:l217,M1,Solution Processing,Solution processing,method_blind_process,1,0.08789949294254404,0.26801668381462546
l316-s5-chandrasekaran-2013,article:l316,M2,Melt Mixing,Melt mixing,method_blind_process,1,-0.17040058426070376,0.3889297184891757
e108-s10-huang-2016,article:e108,M1,Solution Processing,Solution processing,method_blind_process,1,0.14350782091424033,-0.199364413632511
l212-s5-ghanbari-2012,article:l212,M2,Melt Mixing,Melt mixing,method_blind_process,1,0.33190004063100575,-0.2414132399539874
l324-s6-zhu-2017,article:l324,M2,Melt Mixing,Melt mixing,method_blind_process,1,0.12946873013746618,-0.23801402407944408
l316-s10-chandrasekaran-2013,article:l316,M1,Solution Processing,Solution processing,method_blind_process,1,-0.1328172485044812,0.3978606834613925
l388-s1-benes-2018,article:l388,M1,Solution Processing,Solution processing,method_blind_process,1,-0.009708546166521234,0.21289311423774973
l318-s4-patsidis-2014,article:l318,M2,Melt Mixing,Melt mixing,method_blind_process,1,-0.20186812771694812,0.34218682787746424
l285-s3-pham-2012,article:l285,M3,In-Situ Polymerization,In-situ polymerization,method_blind_process,3,-0.025110012384799468,-0.3269070770967814
l285-s1-pham-2012,article:l285,M3,In-Situ Polymerization,In-situ polymerization,method_blind_process,3,-0.02511001238479945,-0.3269070770967814
l276-s3-huang-2009,article:l276,M2,Melt Mixing,Melt mixing,method_blind_process,1,0.43907749097038473,-0.11845331748585854
l255-s9-logakis-2009,article:l255,M2,Melt Mixing,Melt mixing,method_blind_process,1,-0.3399766541383869,-0.13754606183485027
l260-s2-haggenmueller-2006,article:l260,M3,In-Situ Polymerization,In-situ polymerization,method_blind_process,1,-0.09545827909118607,-0.09609040681151415
l287-s2-jang-2008,article:l287,M3,In-Situ Polymerization,In-situ polymerization,method_blind_process,1,0.2590223418370105,0.2705138658778247
l282-s2-cui-2008,article:l282,M3,In-Situ Polymerization,In-situ polymerization,method_blind_process,1,0.20236912131013793,-0.030546898556237666
l308-s3-demetrio-2013,article:l308,M3,In-Situ Polymerization,In-situ polymerization,method_blind_process,1,-0.09824536967261738,-0.10086865233532856
l259-s3-chen-2017,article:l259,M3,In-Situ Polymerization,In-situ polymerization,method_blind_process,1,-0.13268794034998055,0.1494442050795296
l260-s5-haggenmueller-2006,article:l260,M3,In-Situ Polymerization,In-situ polymerization,method_blind_process,1,-0.0954582790911861,-0.09609040681151419
l392-s1-wang-2020,article:l392,M1,Solution Processing,Solution processing,method_blind_process,1,0.29185396661200613,0.372892775512652
e410-s2-prasad-2021,article:e410,M2,Melt Mixing,Melt mixing,method_blind_process,1,0.17091858037834065,-0.13599924853081038
l276-s4-huang-2009,article:l276,M2,Melt Mixing,Melt mixing,method_blind_process,1,0.4390774909703846,-0.11845331748585855
l289-s1-motaung-2012,article:l289,M2,Melt Mixing,Melt mixing,method_blind_process,1,-0.301949301490465,-0.30570218271445454
l294-s6-sarwar-2007,article:l294,M3,In-Situ Polymerization,In-situ polymerization,method_blind_process,1,0.25360382776205315,0.050540409552483886
e139-s6-hassinger-2016,article:e139,M1,Solution Processing,Solution processing,method_blind_process,1,0.15740219589356233,-0.13551704224378558
l306-s2-jiang-2008,article:l306,M3,In-Situ Polymerization,In-situ polymerization,method_blind_process,1,-0.20128877226575842,-0.2709926206472049
e408-s24-prasad-2021,article:e408,M2,Melt Mixing,Melt mixing,method_blind_process,1,0.16792241768832167,-0.1354404923977722
l236-s9-fukushima-2012,article:l236,M2,Melt Mixing,Melt mixing,method_blind_process,1,-0.13931923176514813,-0.19893032693938084
l306-s3-jiang-2008,article:l306,M3,In-Situ Polymerization,In-situ polymerization,method_blind_process,1,-0.2012887722657584,-0.27099262064720486
l120-s2-murugaraj-2005,article:l120,M3,In-Situ Polymerization,In-situ polymerization,method_blind_process,1,0.5169306341542816,-0.12878757667616675
e116-s21-prasad-2018,article:e116,M1,Solution Processing,Solution processing,method_aware_process,1,-0.06286707533079648,-0.3048268346160228
l225-s8-ma-2007,article:l225,M3,In-Situ Polymerization,In-situ polymerization,method_aware_process,2,0.2769040242589149,0.1830746465599747
l182-s7-hoepfner-2017,article:l182,M3,In-Situ Polymerization,In-situ polymerization,method_aware_process,2,0.3058598917973752,0.09832266524393225
l254-s7-castillo-2011,article:l254,M2,Melt Mixing,Melt mixing,method_aware_process,3,-0.2785020083010695,0.08857023114557272
l171-s15-rittigstein-2006,article:l171,M1,Solution Processing,Solution processing,method_aware_process,1,0.032107527538517,-0.33488531868273647
l320-s2-wang-2014,article:l320,M1,Solution Processing,Solution processing,method_aware_process,1,0.04779041106876369,-0.354482198803259
l324-s5-zhu-2017,article:l324,M2,Melt Mixing,Melt mixing,method_aware_process,3,-0.275353864537088,0.19345559352460398
l174-s6-ramanathan-2008,article:l174,M1,Solution Processing,Solution processing,method_aware_process,1,-0.08169023864526759,-0.31795267648572445
l225-s1-ma-2007,article:l225,M3,In-Situ Polymerization,In-situ polymerization,method_aware_process,2,0.2053422704395302,0.23225463051445805
l196-s4-petersson-2006,article:l196,M1,Solution Processing,Solution processing,method_aware_process,1,0.025237830356880007,-0.28137883988811563
l385-s3-bailey-2019,article:l385,M1,Solution Processing,Solution processing,method_aware_process,1,0.10668616328716231,-0.367896615356661
l308-s4-demetrio-2013,article:l308,M3,In-Situ Polymerization,In-situ polymerization,method_aware_process,2,0.2945562229867655,0.1314183985228168
l240-s6-hong-2005,article:l240,M2,Melt Mixing,Melt mixing,method_aware_process,3,-0.347823127863074,0.08736593836775616
l262-s5-oyarzabal-2016,article:l262,M2,Melt Mixing,Melt mixing,method_aware_process,3,-0.37633175522323953,0.24110763263963783
l378-s1-sotta-2017,article:l378,M1,Solution Processing,Solution processing,method_aware_process,1,-0.13430801875317816,-0.32863461853252207
l110-s7-singha-2008,article:l110,M2,Melt Mixing,Melt mixing,method_aware_process,3,-0.22354037466004464,0.16640186664423087
l238-s3-zhao-2008,article:l238,M1,Solution Processing,Solution processing,method_aware_process,1,0.09266773445983713,-0.3578834235786487
l242-s4-narayanan-2006,article:l242,M1,Solution Processing,Solution processing,method_aware_process,1,-0.14715381866938124,-0.3374800606368062
l140-s9-gao-2012,article:l140,M2,Melt Mixing,Melt mixing,method_aware_process,3,-0.28465499928540566,0.1973728782745711
l210-s4-zhang-2014,article:l210,M2,Melt Mixing,Melt mixing,method_aware_process,3,-0.3189500810474402,0.19049697072911045
l380-s1-zhao-2017,article:l380,M2,Melt Mixing,Melt mixing,method_aware_process,3,-0.4027637088616298,0.08632179718588877
l386-s54-jimenez-2019,article:l386,M1,Solution Processing,Solution processing,method_aware_process,1,0.07021601709212442,-0.2997843523356414
l121-s8-nelson-2005,article:l121,M1,Solution Processing,Solution processing,method_aware_process,1,0.0652691670017667,-0.29166199274493637
l379-s8-liu-2017,article:l379,M1,Solution Processing,Solution processing,method_aware_process,1,0.07124610712098532,-0.37626582607631104
l211-s17-ash-2004,article:l211,M3,In-Situ Polymerization,In-situ polymerization,method_aware_process,2,0.3235266667354237,0.09519427190010775
l396-s6-ghosh-2013,article:l396,M3,In-Situ Polymerization,In-situ polymerization,method_aware_process,2,0.31317548873390705,0.1458748535120657
l111-s3-singha-2009,article:l111,M2,Melt Mixing,Melt mixing,method_aware_process,3,-0.22391152074724047,0.14209337768060956
l211-s15-ash-2004,article:l211,M3,In-Situ Polymerization,In-situ polymerization,method_aware_process,2,0.32352666673542374,0.09519427190010778
l313-s2-huang-2014,article:l313,M2,Melt Mixing,Melt mixing,method_aware_process,3,-0.30292619527340797,0.1867100986883082
l290-s24-si-2006,article:l290,M2,Melt Mixing,Melt mixing,method_aware_process,3,-0.3572063064919907,0.09675199501831358
l229-s2-bao-2011,article:l229,M3,In-Situ Polymerization,In-situ polymerization,method_aware_process,2,0.30735221798063095,0.10173638398430382
l203-s17-ma-2009,article:l203,M1,Solution Processing,Solution processing,method_aware_process,1,0.09487225268570126,-0.35634932748920767
l383-s1-sadeghi-2017,article:l383,M2,Melt Mixing,Melt mixing,method_aware_process,3,-0.4057134550173548,0.08687094578763518
l309-s4-torki-2010,article:l309,M2,Melt Mixing,Melt mixing,method_aware_process,3,-0.37095640747984493,0.23943655487732332
l142-s2-gao-2014,article:l142,M1,Solution Processing,Solution processing,method_aware_process,1,0.08169744931936736,-0.3359849720598864
l177-s2-yang-2013,article:l177,M1,Solution Processing,Solution processing,method_aware_process,1,-0.13451541767339714,-0.33422078606582745
l274-s3-goh-2003,article:l274,M2,Melt Mixing,Melt mixing,method_aware_process,3,-0.3156877081602284,0.2013059436811241
l221-s8-dai-2008,article:l221,M3,In-Situ Polymerization,In-situ polymerization,method_aware_process,2,0.16880312303705383,0.2585738411482496
l191-s3-xie-2004,article:l191,M3,In-Situ Polymerization,In-situ polymerization,method_aware_process,2,0.2208889568861931,0.26008710319998746
l275-s1-zhou-2006,article:l275,M2,Melt Mixing,Melt mixing,method_aware_process,3,-0.27457984170714134,0.0695911721310785
l382-s1-huang-2019,article:l382,M1,Solution Processing,Solution processing,method_aware_process,1,0.05023294484637511,-0.3302000904878641
l258-s4-du-2004,article:l258,M1,Solution Processing,Solution processing,method_aware_process,1,-0.05689124433066967,-0.3511958993399363
l200-s4-schoch-2008,article:l200,M1,Solution Processing,Solution processing,method_aware_process,1,-0.03161243841279923,-0.3022087479156152
l325-s5-manafi-2015,article:l325,M1,Solution Processing,Solution processing,method_aware_process,1,0.08882847916607944,-0.3268510990056075
l180-s3-maillard-2012,article:l180,M1,Solution Processing,Solution processing,method_aware_process,2,-0.05236048308108605,-0.23152939337166864
l310-s5-chatterjee-2007,article:l310,M2,Melt Mixing,Melt mixing,method_aware_process,3,-0.2729631342539368,0.1495852884295927
l413-s3-botta-2018,article:l413,M2,Melt Mixing,Melt mixing,method_aware_process,3,-0.30368998785452883,0.17822706276881786
l375-s4-rishi-2018,article:l375,M2,Melt Mixing,Melt mixing,method_aware_process,3,-0.4063740838059657,0.08573347919961838
l252-s3-ameli-2014,article:l252,M2,Melt Mixing,Melt mixing,method_aware_process,3,-0.3654392435807014,0.13984772322678293
l154-s3-eitan-2005,article:l154,M1,Solution Processing,Solution processing,method_aware_process,1,0.05288648374170926,-0.33454882502769134
l376-s6-carroll-2017,article:l376,M1,Solution Processing,Solution processing,method_aware_process,1,0.10365588752340159,-0.3492352976701766
l111-s4-singha-2009,article:l111,M2,Melt Mixing,Melt mixing,method_aware_process,3,-0.22391152074724044,0.14209337768060956
l179-s5-ramanathan-2007,article:l179,M1,Solution Processing,Solution processing,method_aware_process,1,0.0183370530437431,-0.23414440234375877
l221-s4-dai-2008,article:l221,M3,In-Situ Polymerization,In-situ polymerization,method_aware_process,2,0.16880312303705383,0.2585738411482496
l208-s5-li-2012,article:l208,M2,Melt Mixing,Melt mixing,method_aware_process,3,-0.2990997327742623,0.19697108024614868
l209-s7-ash-2001,article:l209,M3,In-Situ Polymerization,In-situ polymerization,method_aware_process,2,0.35498635592234606,0.1973097336251926
l136-s5-vescovo-2010,article:l136,M1,Solution Processing,Solution processing,method_aware_process,1,-0.04969208849717456,-0.33070620851380156
l259-s2-chen-2017,article:l259,M3,In-Situ Polymerization,In-situ polymerization,method_aware_process,2,0.2709105606786046,0.20000357225188387
l314-s4-diezpascual-2011,article:l314,M1,Solution Processing,Solution processing,method_aware_process,1,0.024848086274244608,-0.22938688218177597
l282-s3-cui-2008,article:l282,M3,In-Situ Polymerization,In-situ polymerization,method_aware_process,2,0.2964419678503209,0.1171588047905239
l118-s1-fidelus-2005,article:l118,M2,Melt Mixing,Melt mixing,method_aware_process,3,-0.21586260673805613,0.10971425690574302
l278-s2-choi-2001,article:l278,M3,In-Situ Polymerization,In-situ polymerization,method_aware_process,2,0.3168015528164728,0.19504109974956577
l146-s4-tao-2011,article:l146,M3,In-Situ Polymerization,In-situ polymerization,method_aware_process,2,0.43457735286060845,0.21622272322898206
l132-s4-holt-2014,article:l132,M1,Solution Processing,Solution processing,method_aware_process,1,0.06876142606939444,-0.3233609999831833
l137-s8-yang-2014,article:l137,M1,Solution Processing,Solution processing,method_aware_process,1,0.055735769530926675,-0.31637632866112575
l271-s15-sun-2004,article:l271,M1,Solution Processing,Solution processing,method_aware_process,1,-0.1394017759032442,-0.3313698669715543
l266-s8-kalaitzidou-2007,article:l266,M2,Melt Mixing,Melt mixing,method_aware_process,3,-0.36230274537219354,0.12624466691350683
l261-s2-wang-2016,article:l261,M1,Solution Processing,Solution processing,method_aware_process,1,0.08724986749784466,-0.29407815312483543
l377-s4-wanasekara-2017,article:l377,M1,Solution Processing,Solution processing,method_aware_process,1,-0.037248093419085006,-0.32867624136981205
l318-s3-patsidis-2014,article:l318,M2,Melt Mixing,Melt mixing,method_aware_process,3,-0.24907528033001528,0.07868348918560016
l375-s1-rishi-2018,article:l375,M2,Melt Mixing,Melt mixing,method_aware_process,3,-0.40642128961903945,0.0856441704552268
l146-s3-tao-2011,article:l146,M3,In-Situ Polymerization,In-situ polymerization,method_aware_process,2,0.43457735286060845,0.21622272322898214
l304-s3-stockelhuber-2011,article:l304,M2,Melt Mixing,Melt mixing,method_aware_process,3,-0.3376548216555214,0.07812694596826783
l229-s7-bao-2011,article:l229,M3,In-Situ Polymerization,In-situ polymerization,method_aware_process,2,0.30735221798063095,0.1017363839843039
l316-s3-chandrasekaran-2013,article:l316,M2,Melt Mixing,Melt mixing,method_aware_process,3,-0.25155018244241306,0.07950044108124783
l120-s11-murugaraj-2005,article:l120,M3,In-Situ Polymerization,In-situ polymerization,method_aware_process,2,0.41886960287694475,0.17423867162366766
l297-s1-shen-2004,article:l297,M3,In-Situ Polymerization,In-situ polymerization,method_aware_process,2,0.2678672900211497,0.10686996147933521
l267-s3-kim-2006,article:l267,M1,Solution Processing,Solution processing,method_aware_process,1,-0.03604631280098106,-0.3424886206508252
l279-s1-motaung-2012,article:l279,M2,Melt Mixing,Melt mixing,method_aware_process,3,-0.3733500404939583,0.23841723960631303
l302-s3-bandyopadhyay-2005,article:l302,M1,Solution Processing,Solution processing,method_aware_process,1,0.055207776321202925,-0.281872263804226
l396-s4-ghosh-2013,article:l396,M3,In-Situ Polymerization,In-situ polymerization,method_aware_process,2,0.313175488733907,0.14587485351206583
l297-s2-shen-2004,article:l297,M3,In-Situ Polymerization,In-situ polymerization,method_aware_process,2,0.26786729002114956,0.1068699614793352
l287-s3-jang-2008,article:l287,M3,In-Situ Polymerization,In-situ polymerization,method_aware_process,2,0.3889527446020472,0.09370343692503334
l129-s12-wu-2011,article:l129,M1,Solution Processing,Solution processing,method_aware_process,1,-0.08007393299644315,-0.30192948626307087
l191-s2-xie-2004,article:l191,M3,In-Situ Polymerization,In-situ polymerization,method_aware_process,2,0.22088895688619303,0.26008710319998757
l209-s12-ash-2001,article:l209,M3,In-Situ Polymerization,In-situ polymerization,method_aware_process,2,0.35498635592234606,0.19730973362519263
l397-s1-tuncer-2007,article:l397,M1,Solution Processing,Solution processing,method_aware_process,1,0.07533441834280175,-0.3556235566013046
l102-s8-hu-2007,article:l102,M2,Melt Mixing,Melt mixing,method_aware_process,3,-0.3770723252266224,0.228826153280485
l294-s4-sarwar-2007,article:l294,M3,In-Situ Polymerization,In-situ polymerization,method_aware_process,2,0.34488614648363647,0.11382964254649085
l278-s1-choi-2001,article:l278,M3,In-Situ Polymerization,In-situ polymerization,method_aware_process,2,0.3168015528164728,0.19504109974956585
l287-s4-jang-2008,article:l287,M3,In-Situ Polymerization,In-situ polymerization,method_aware_process,2,0.38895274460204726,0.09370343692503334
l217-s6-ash-2002,article:l217,M1,Solution Processing,Solution processing,method_aware_process,1,0.032054928060501316,-0.32665949227605423
l316-s5-chandrasekaran-2013,article:l316,M2,Melt Mixing,Melt mixing,method_aware_process,3,-0.25155018244241306,0.07950044108124783
e108-s10-huang-2016,article:e108,M1,Solution Processing,Solution processing,method_aware_process,1,0.001994945618336261,-0.2072596845215741
l212-s5-ghanbari-2012,article:l212,M2,Melt Mixing,Melt mixing,method_aware_process,3,-0.3001622229207428,0.22864905090553822
l324-s6-zhu-2017,article:l324,M2,Melt Mixing,Melt mixing,method_aware_process,3,-0.27535386453708804,0.19345559352460415
l316-s10-chandrasekaran-2013,article:l316,M1,Solution Processing,Solution processing,method_aware_process,1,0.046321936575314894,-0.3366933783396509
l388-s1-benes-2018,article:l388,M1,Solution Processing,Solution processing,method_aware_process,1,0.05084765818378672,-0.3744502450429295
l318-s4-patsidis-2014,article:l318,M2,Melt Mixing,Melt mixing,method_aware_process,3,-0.24907528033001528,0.07868348918560025
l285-s3-pham-2012,article:l285,M3,In-Situ Polymerization,In-situ polymerization,method_aware_process,2,0.2838485018112705,0.379361338097358
l285-s1-pham-2012,article:l285,M3,In-Situ Polymerization,In-situ polymerization,method_aware_process,2,0.2838485018112704,0.379361338097358
l276-s3-huang-2009,article:l276,M2,Melt Mixing,Melt mixing,method_aware_process,3,-0.29208518907777553,0.16655945145709972
l255-s9-logakis-2009,article:l255,M2,Melt Mixing,Melt mixing,method_aware_process,3,-0.3936707829342032,0.07718130761481427
l260-s2-haggenmueller-2006,article:l260,M3,In-Situ Polymerization,In-situ polymerization,method_aware_process,2,0.294401501473361,0.13278736673799846
l287-s2-jang-2008,article:l287,M3,In-Situ Polymerization,In-situ polymerization,method_aware_process,2,0.38895274460204726,0.09370343692503348
l282-s2-cui-2008,article:l282,M3,In-Situ Polymerization,In-situ polymerization,method_aware_process,2,0.29644196785032084,0.1171588047905239
l308-s3-demetrio-2013,article:l308,M3,In-Situ Polymerization,In-situ polymerization,method_aware_process,2,0.29455622298676537,0.131418398522817
l259-s3-chen-2017,article:l259,M3,In-Situ Polymerization,In-situ polymerization,method_aware_process,2,0.27091056067860453,0.20000357225188395
l260-s5-haggenmueller-2006,article:l260,M3,In-Situ Polymerization,In-situ polymerization,method_aware_process,2,0.2944015014733611,0.1327873667379984
l392-s1-wang-2020,article:l392,M1,Solution Processing,Solution processing,method_aware_process,1,0.09180493549007204,-0.37376744832556563
e410-s2-prasad-2021,article:e410,M2,Melt Mixing,Melt mixing,method_aware_process,3,-0.31489462124721446,0.08787915703231139
l276-s4-huang-2009,article:l276,M2,Melt Mixing,Melt mixing,method_aware_process,3,-0.29208518907777553,0.16655945145709974
l289-s1-motaung-2012,article:l289,M2,Melt Mixing,Melt mixing,method_aware_process,3,-0.3732281062637813,0.2385325459340765
l294-s6-sarwar-2007,article:l294,M3,In-Situ Polymerization,In-situ polymerization,method_aware_process,2,0.34488614648363647,0.11382964254649086
e139-s6-hassinger-2016,article:e139,M1,Solution Processing,Solution processing,method_aware_process,3,-0.045230449726326144,-0.3306668825423497
l306-s2-jiang-2008,article:l306,M3,In-Situ Polymerization,In-situ polymerization,method_aware_process,2,0.15145489886937746,0.2784056223226865
e408-s24-prasad-2021,article:e408,M2,Melt Mixing,Melt mixing,method_aware_process,3,-0.31558074427798305,0.08831175672862226
l236-s9-fukushima-2012,article:l236,M2,Melt Mixing,Melt mixing,method_aware_process,3,-0.3231085716674599,0.22519769090763164
l306-s3-jiang-2008,article:l306,M3,In-Situ Polymerization,In-situ polymerization,method_aware_process,2,0.1514548988693775,0.2784056223226865
l120-s2-murugaraj-2005,article:l120,M3,In-Situ Polymerization,In-situ polymerization,method_aware_process,2,0.4188696028769446,0.17423867162366757
