record_id,paper_group,system_id,system_label,view,cluster,pcoa1,pcoa2
e116-s21-prasad-2018,article:e116,S1,PMMA / SiO2,material_identity,1,0.08230477599141646,0.15356520572509733
l141-s3-gao-2013,article:l141,S5,DGEBA epoxy / SiO2,material_identity,2,0.18863057253115278,-0.16530412852183737
l225-s8-ma-2007,article:l225,S3,DGEBA epoxy / MWCNT,material_identity,3,-0.28033825755861563,-0.2235945135055298
l141-s22-gao-2013,article:l141,S5,DGEBA epoxy / SiO2,material_identity,2,0.0882546996920751,-0.18993410818135745
l254-s7-castillo-2011,article:l254,S4,PC / MWCNT,material_identity,3,-0.36543502470504674,-0.05314523152775279
l171-s15-rittigstein-2006,article:l171,S2,PMMA / Al2O3,material_identity,1,0.22496120480547604,0.47256317162437095
l283-s7-salami-2012,article:l283,S1,PMMA / SiO2,material_identity,1,0.08894481220447265,0.14157168737566309
l254-s24-castillo-2011,article:l254,S4,PC / MWCNT,material_identity,3,-0.37029196146282767,-0.05673756998080316
l254-s12-castillo-2011,article:l254,S4,PC / MWCNT,material_identity,3,-0.3703029106253126,-0.05674589851041174
l171-s14-rittigstein-2006,article:l171,S2,PMMA / Al2O3,material_identity,1,0.11219306837653649,0.4361051190049501
l242-s4-narayanan-2006,article:l242,S2,PMMA / Al2O3,material_identity,1,-0.14969213427257735,0.3298361902529261
l140-s9-gao-2012,article:l140,S5,DGEBA epoxy / SiO2,material_identity,2,0.04367666192240544,-0.22254448112082031
l140-s8-gao-2012,article:l140,S5,DGEBA epoxy / SiO2,material_identity,2,0.0726627069306649,-0.19686427093454184
l211-s17-ash-2004,article:l211,S2,PMMA / Al2O3,material_identity,1,-0.1483551967900914,0.3302033723069403
e116-s31-prasad-2018,article:e116,S1,PMMA / SiO2,material_identity,1,0.08971357090634977,0.15680809093770318
l211-s15-ash-2004,article:l211,S2,PMMA / Al2O3,material_identity,1,-0.15089724745087005,0.3296534615075025
l171-s18-rittigstein-2006,article:l171,S1,PMMA / SiO2,material_identity,1,0.0810255576937357,0.13548910507070375
l254-s5-castillo-2011,article:l254,S4,PC / MWCNT,material_identity,3,-0.3702029155124671,-0.05666966309619094
l140-s5-gao-2012,article:l140,S5,DGEBA epoxy / SiO2,material_identity,2,0.04367666192240547,-0.2225444811208203
l270-s8-montazeri-2010,article:l270,S3,DGEBA epoxy / MWCNT,material_identity,3,-0.2514104719637007,-0.21713858960525864
e116-s11-prasad-2018,article:e116,S1,PMMA / SiO2,material_identity,1,0.08230477599141625,0.1535652057250973
l283-s5-salami-2012,article:l283,S1,PMMA / SiO2,material_identity,1,0.23202468908244794,0.20139874447818382
l270-s3-montazeri-2010,article:l270,S3,DGEBA epoxy / MWCNT,material_identity,3,-0.24599221870230414,-0.21033538098885587
l225-s3-ma-2007,article:l225,S3,DGEBA epoxy / MWCNT,material_identity,3,-0.25141047196370075,-0.21713858960525864
l254-s29-castillo-2011,article:l254,S4,PC / MWCNT,material_identity,3,-0.34240267168223204,-0.04261961680824879
l141-s13-gao-2013,article:l141,S5,DGEBA epoxy / SiO2,material_identity,2,0.1475097403867038,-0.16718675255753687
l389-s5-natarajan-2013,article:l389,S6,PS / SiO2,material_identity,4,0.1555212292338697,-0.019249237332342333
l254-s36-castillo-2011,article:l254,S4,PC / MWCNT,material_identity,3,-0.31108338850062994,-0.02950007425451653
l204-s12-bansal-2005,article:l204,S6,PS / SiO2,material_identity,5,0.6725947426460146,-0.12842307737309722
l180-s3-maillard-2012,article:l180,S6,PS / SiO2,material_identity,4,0.20449952362526974,-0.011770888704719184
l283-s11-salami-2012,article:l283,S1,PMMA / SiO2,material_identity,1,0.28605406743743633,0.21713686626095174
l254-s28-castillo-2011,article:l254,S4,PC / MWCNT,material_identity,3,-0.3623365291237283,-0.05169809212879001
l154-s3-eitan-2005,article:l154,S4,PC / MWCNT,material_identity,3,-0.27189914996953,-0.022935026341758268
l140-s2-gao-2012,article:l140,S5,DGEBA epoxy / SiO2,material_identity,2,0.07873613666361234,-0.19881436777892578
l141-s5-gao-2013,article:l141,S5,DGEBA epoxy / SiO2,material_identity,5,0.4637548595576754,-0.2758150120017524
l203-s2-ma-2009,article:l203,S3,DGEBA epoxy / MWCNT,material_identity,3,-0.25141047196370075,-0.21713858960525864
l209-s7-ash-2001,article:l209,S2,PMMA / Al2O3,material_identity,1,-0.13978406444602312,0.33372860567905227
l242-s6-narayanan-2006,article:l242,S2,PMMA / Al2O3,material_identity,1,-0.13978406444602312,0.33372860567905227
l204-s2-bansal-2005,article:l204,S6,PS / SiO2,material_identity,4,0.1255677588297198,-0.0566926836904731
l242-s9-narayanan-2006,article:l242,S2,PMMA / Al2O3,material_identity,1,-0.11002635734504504,0.34616167287075367
l275-s4-zhou-2006,article:l275,S3,DGEBA epoxy / MWCNT,material_identity,3,-0.24890080416069646,-0.21335423447919807
l180-s6-maillard-2012,article:l180,S6,PS / SiO2,material_identity,4,0.4708452808169823,-0.02194905557201356
l171-s28-rittigstein-2006,article:l171,S1,PMMA / SiO2,material_identity,1,0.09551352240339976,0.14547664171993321
l230-s9-gojny-2004,article:l230,S3,DGEBA epoxy / MWCNT,material_identity,3,-0.24953713388873913,-0.2143014655948832
l275-s5-zhou-2006,article:l275,S3,DGEBA epoxy / MWCNT,material_identity,3,-0.24745809344078523,-0.2117537178611887
l230-s8-gojny-2004,article:l230,S3,DGEBA epoxy / MWCNT,material_identity,3,-0.2507901519138255,-0.21618579456075504
l271-s3-sun-2004,article:l271,S5,DGEBA epoxy / SiO2,material_identity,2,0.27346443558331035,-0.17753260373131552
l180-s5-maillard-2012,article:l180,S6,PS / SiO2,material_identity,4,0.3354718649126793,0.0028675805097594176
l389-s8-natarajan-2013,article:l389,S1,PMMA / SiO2,material_identity,1,0.23185909025774568,0.21065540331275925
l209-s12-ash-2001,article:l209,S2,PMMA / Al2O3,material_identity,1,0.027249634298073106,0.41317139632495936
l217-s6-ash-2002,article:l217,S2,PMMA / Al2O3,material_identity,1,-0.05677851538087519,0.3689550672683019
l118-s9-fidelus-2005,article:l118,S3,DGEBA epoxy / MWCNT,material_identity,3,-0.25202694857242786,-0.2180911128673127
l171-s27-rittigstein-2006,article:l171,S1,PMMA / SiO2,material_identity,1,0.091440995672321,0.1430861455221514
l154-s6-eitan-2005,article:l154,S4,PC / MWCNT,material_identity,3,-0.27189914996952996,-0.022935026341758237
l154-s4-eitan-2005,article:l154,S4,PC / MWCNT,material_identity,3,-0.1901429272156272,-0.04574366619662274
l217-s3-ash-2002,article:l217,S2,PMMA / Al2O3,material_identity,1,-0.056778515380875146,0.3689550672683019
l389-s6-natarajan-2013,article:l389,S6,PS / SiO2,material_identity,4,0.28374367557805763,0.012480050853278501
l389-s3-natarajan-2013,article:l389,S6,PS / SiO2,material_identity,4,0.14871953764568513,-0.024454269177128514
l204-s4-bansal-2005,article:l204,S6,PS / SiO2,material_identity,4,0.14977176826228983,-0.03415929169994703
l203-s6-ma-2009,article:l203,S3,DGEBA epoxy / MWCNT,material_identity,3,-0.2459922187023041,-0.21033538098885587
l118-s4-fidelus-2005,article:l118,S3,DGEBA epoxy / MWCNT,material_identity,3,-0.2520269485724278,-0.21809111286731264
l217-s4-ash-2002,article:l217,S2,PMMA / Al2O3,material_identity,1,-0.0567785153808752,0.368955067268302
l271-s6-sun-2004,article:l271,S5,DGEBA epoxy / SiO2,material_identity,6,0.41494130323334316,-0.4453947457628286
l389-s12-natarajan-2013,article:l389,S1,PMMA / SiO2,material_identity,1,0.23996461250145318,0.21420810638314253
l271-s5-sun-2004,article:l271,S5,DGEBA epoxy / SiO2,material_identity,5,0.46862939153102395,-0.4456022715602635
l271-s8-sun-2004,article:l271,S5,DGEBA epoxy / SiO2,material_identity,5,0.49710045961027893,-0.29995450804749757
l389-s11-natarajan-2013,article:l389,S1,PMMA / SiO2,material_identity,1,0.11038183936947928,0.16792511202247545
e408-s24-prasad-2021,article:e408,S6,PS / SiO2,material_identity,4,0.12548979669806543,-0.04186074651165294
l180-s4-maillard-2012,article:l180,S6,PS / SiO2,material_identity,4,0.27130836663798824,-0.00041941300518529825
e408-s3-prasad-2021,article:e408,S6,PS / SiO2,material_identity,4,0.12548979669806545,-0.04186074651165298
l154-s2-eitan-2005,article:l154,S4,PC / MWCNT,material_identity,3,-0.331915878538842,-0.036865627169040446
l154-s5-eitan-2005,article:l154,S4,PC / MWCNT,material_identity,3,-0.33191587853884197,-0.03686562716904039
e116-s21-prasad-2018,article:e116,S1,PMMA / SiO2,balanced_instance,1,-0.21298849409251094,0.16423924669270912
l141-s3-gao-2013,article:l141,S5,DGEBA epoxy / SiO2,balanced_instance,2,-0.08686206786488722,-0.24912643462131673
l225-s8-ma-2007,article:l225,S3,DGEBA epoxy / MWCNT,balanced_instance,3,0.31765793717177937,-0.1915244596909105
l141-s22-gao-2013,article:l141,S5,DGEBA epoxy / SiO2,balanced_instance,2,-0.04418993309748962,-0.2447259721106911
l254-s7-castillo-2011,article:l254,S4,PC / MWCNT,balanced_instance,3,0.3688260603049663,0.1308314740126297
l171-s15-rittigstein-2006,article:l171,S2,PMMA / Al2O3,balanced_instance,2,-0.33395934038015274,0.13400586051906307
l283-s7-salami-2012,article:l283,S1,PMMA / SiO2,balanced_instance,1,-0.08664062603245522,0.2554010126372963
l254-s24-castillo-2011,article:l254,S4,PC / MWCNT,balanced_instance,3,0.3710191963477462,0.12957544157909143
l254-s12-castillo-2011,article:l254,S4,PC / MWCNT,balanced_instance,3,0.37102227254472414,0.1295758772452931
l171-s14-rittigstein-2006,article:l171,S2,PMMA / Al2O3,balanced_instance,2,-0.2947278323630639,0.1498681048672346
l242-s4-narayanan-2006,article:l242,S2,PMMA / Al2O3,balanced_instance,4,-0.18801847716619613,0.026566232529889624
l140-s9-gao-2012,article:l140,S5,DGEBA epoxy / SiO2,balanced_instance,3,0.20995838851997375,-0.10074768601529091
l140-s8-gao-2012,article:l140,S5,DGEBA epoxy / SiO2,balanced_instance,3,0.19201795186598292,-0.09593356913411873
l211-s17-ash-2004,article:l211,S2,PMMA / Al2O3,balanced_instance,5,0.11992463546862245,0.1407640177363086
e116-s31-prasad-2018,article:e116,S1,PMMA / SiO2,balanced_instance,1,-0.2146445417752126,0.16339292427509614
l211-s15-ash-2004,article:l211,S2,PMMA / Al2O3,balanced_instance,5,0.12132882375368596,0.13973479151561585
l171-s18-rittigstein-2006,article:l171,S1,PMMA / SiO2,balanced_instance,2,-0.22785689565557932,0.09516255040797089
l254-s5-castillo-2011,article:l254,S4,PC / MWCNT,balanced_instance,3,0.3709942253590184,0.12957193006119255
l140-s5-gao-2012,article:l140,S5,DGEBA epoxy / SiO2,balanced_instance,3,0.2099583885199738,-0.10074768601529095
l270-s8-montazeri-2010,article:l270,S3,DGEBA epoxy / MWCNT,balanced_instance,3,0.09790719151115092,-0.1506017202391469
e116-s11-prasad-2018,article:e116,S1,PMMA / SiO2,balanced_instance,1,-0.21298554568432917,0.16423569747515288
l283-s5-salami-2012,article:l283,S1,PMMA / SiO2,balanced_instance,1,-0.14718949722106076,0.25014601936156183
l270-s3-montazeri-2010,article:l270,S3,DGEBA epoxy / MWCNT,balanced_instance,3,0.09538137689149392,-0.14863050161814867
l225-s3-ma-2007,article:l225,S3,DGEBA epoxy / MWCNT,balanced_instance,3,0.32010080048414896,-0.17985296225056888
l254-s29-castillo-2011,article:l254,S4,PC / MWCNT,balanced_instance,3,0.3604356536178384,0.13151776876824228
l141-s13-gao-2013,article:l141,S5,DGEBA epoxy / SiO2,balanced_instance,2,-0.07116354416450467,-0.24516229209306276
l389-s5-natarajan-2013,article:l389,S6,PS / SiO2,balanced_instance,2,-0.13897258318577627,-0.04220276151515487
l254-s36-castillo-2011,article:l254,S4,PC / MWCNT,balanced_instance,3,0.34913784366044887,0.13354587546207397
l204-s12-bansal-2005,article:l204,S6,PS / SiO2,balanced_instance,2,-0.36770262575213997,-0.009815841254718039
l180-s3-maillard-2012,article:l180,S6,PS / SiO2,balanced_instance,2,-0.11027627192149693,-0.17490557079945024
l283-s11-salami-2012,article:l283,S1,PMMA / SiO2,balanced_instance,1,-0.1653031764964312,0.24836605316719237
l254-s28-castillo-2011,article:l254,S4,PC / MWCNT,balanced_instance,3,0.3675457624371287,0.13119846533773205
l154-s3-eitan-2005,article:l154,S4,PC / MWCNT,balanced_instance,3,0.06527845807264757,0.09209772738589526
l140-s2-gao-2012,article:l140,S5,DGEBA epoxy / SiO2,balanced_instance,3,0.19287414009549464,-0.0955678748972594
l141-s5-gao-2013,article:l141,S5,DGEBA epoxy / SiO2,balanced_instance,2,-0.16476605282177662,-0.32602355565579716
l203-s2-ma-2009,article:l203,S3,DGEBA epoxy / MWCNT,balanced_instance,3,0.1170936231833644,-0.12475621143275284
l209-s7-ash-2001,article:l209,S2,PMMA / Al2O3,balanced_instance,6,0.05645294162168,0.4615165808388607
l242-s6-narayanan-2006,article:l242,S2,PMMA / Al2O3,balanced_instance,4,-0.1928777368932747,0.03001830466600299
l204-s2-bansal-2005,article:l204,S6,PS / SiO2,balanced_instance,2,-0.20518345592232148,0.03924795300764419
l242-s9-narayanan-2006,article:l242,S2,PMMA / Al2O3,balanced_instance,2,-0.06411147356262208,0.07179251058701687
l275-s4-zhou-2006,article:l275,S3,DGEBA epoxy / MWCNT,balanced_instance,3,0.3543562458394624,-0.2021419268915363
l180-s6-maillard-2012,article:l180,S6,PS / SiO2,balanced_instance,2,-0.18515220629492662,-0.21656004745560536
l171-s28-rittigstein-2006,article:l171,S1,PMMA / SiO2,balanced_instance,2,-0.23562714431894827,0.09817794571487554
l230-s9-gojny-2004,article:l230,S3,DGEBA epoxy / MWCNT,balanced_instance,3,0.1212962964587482,-0.2347907732153915
l275-s5-zhou-2006,article:l275,S3,DGEBA epoxy / MWCNT,balanced_instance,3,0.35345894601649247,-0.20144646427655494
l230-s8-gojny-2004,article:l230,S3,DGEBA epoxy / MWCNT,balanced_instance,3,0.1218397804793802,-0.23529841547915992
l271-s3-sun-2004,article:l271,S5,DGEBA epoxy / SiO2,balanced_instance,4,-0.23454269247302087,-0.2028773318263943
l180-s5-maillard-2012,article:l180,S6,PS / SiO2,balanced_instance,2,-0.15161272117827837,-0.18670636483031416
l389-s8-natarajan-2013,article:l389,S1,PMMA / SiO2,balanced_instance,2,-0.19695731195234134,0.010541077257754317
l209-s12-ash-2001,article:l209,S2,PMMA / Al2O3,balanced_instance,6,-0.02046051944116371,0.45605481406818865
l217-s6-ash-2002,article:l217,S2,PMMA / Al2O3,balanced_instance,2,-0.052218360720507645,0.11078165748630256
l118-s9-fidelus-2005,article:l118,S3,DGEBA epoxy / MWCNT,balanced_instance,3,0.36475068530565125,-0.09238306011679676
l171-s27-rittigstein-2006,article:l171,S1,PMMA / SiO2,balanced_instance,2,-0.23330632739469268,0.09769187826136716
l154-s6-eitan-2005,article:l154,S4,PC / MWCNT,balanced_instance,3,0.06527845807264758,0.09209772738589528
l154-s4-eitan-2005,article:l154,S4,PC / MWCNT,balanced_instance,3,0.029187559270783387,0.08017960383702162
l217-s3-ash-2002,article:l217,S2,PMMA / Al2O3,balanced_instance,2,-0.052218360720507645,0.11078165748630256
l389-s6-natarajan-2013,article:l389,S6,PS / SiO2,balanced_instance,2,-0.18316071740235604,-0.05068316700008751
l389-s3-natarajan-2013,article:l389,S6,PS / SiO2,balanced_instance,2,-0.1393286126426477,-0.04062266014981449
l204-s4-bansal-2005,article:l204,S6,PS / SiO2,balanced_instance,2,-0.21912240942269332,0.04412335641000852
l203-s6-ma-2009,article:l203,S3,DGEBA epoxy / MWCNT,balanced_instance,3,0.11455273253823475,-0.12251753131572111
l118-s4-fidelus-2005,article:l118,S3,DGEBA epoxy / MWCNT,balanced_instance,3,0.3500655857187465,-0.07148425160490487
l217-s4-ash-2002,article:l217,S2,PMMA / Al2O3,balanced_instance,2,-0.052218360720507624,0.1107816574863026
l271-s6-sun-2004,article:l271,S5,DGEBA epoxy / SiO2,balanced_instance,4,-0.2593212380451977,-0.2692072140744798
l389-s12-natarajan-2013,article:l389,S1,PMMA / SiO2,balanced_instance,2,-0.19894976331107814,0.012494959786772399
l271-s5-sun-2004,article:l271,S5,DGEBA epoxy / SiO2,balanced_instance,4,-0.2711328446669737,-0.2760766180353376
l271-s8-sun-2004,article:l271,S5,DGEBA epoxy / SiO2,balanced_instance,4,-0.29344814458797047,-0.2529974222987247
l389-s11-natarajan-2013,article:l389,S1,PMMA / SiO2,balanced_instance,2,-0.1527699274713474,0.021618376017269483
e408-s24-prasad-2021,article:e408,S6,PS / SiO2,balanced_instance,1,0.03130468745728044,0.16243641328469716
l180-s4-maillard-2012,article:l180,S6,PS / SiO2,balanced_instance,2,-0.13221454260649773,-0.17861386592739525
e408-s3-prasad-2021,article:e408,S6,PS / SiO2,balanced_instance,1,0.029000777736581683,0.16499854911642378
l154-s2-eitan-2005,article:l154,S4,PC / MWCNT,balanced_instance,3,0.09208747554952923,0.09980006005297505
l154-s5-eitan-2005,article:l154,S4,PC / MWCNT,balanced_instance,3,0.09208747554952923,0.09980006005297506
