left,right,occurrence_settings,aligned_settings,fixed_scale_balanced,subset_scale_balanced,augmented_descriptors_balanced
l221-s4-dai-2008,l297-s1-shen-2004,0.9090909090909091,0.9090909090909091,0.7585227272727272,0.7585227272727272,0.6050022709803647
l154-s3-eitan-2005,e410-s2-prasad-2021,0.9091245644599303,0.9091245644599303,0.681401075334714,0.6777402602421891,0.632910349922969
l275-s1-zhou-2006,l137-s8-yang-2014,0.9463801780874951,0.9481019622226297,0.8931386212055183,0.8931396350324963,0.7723726894048056
l121-s8-nelson-2005,l275-s1-zhou-2006,0.911476480836237,0.9364655923344948,0.5601633716565365,0.5601661089893767,0.5601633716565365
l258-s4-du-2004,l111-s4-singha-2009,1.0,1.0,0.7947358325822309,0.79393948188925,0.7938639028179895
l304-s3-stockelhuber-2011,l229-s7-bao-2011,1.0,0.9166666666666666,0.8129836309523809,0.8077266268513724,0.7326650526484788
l174-s6-ramanathan-2008,l121-s8-nelson-2005,1.0,1.0,0.8054398148148147,0.8054398148148147,0.7389409187096864
l278-s2-choi-2001,l318-s3-patsidis-2014,0.735805560161947,0.7274426538908246,0.7180809288613219,0.7193823666381922,0.6615730900345292
l221-s8-dai-2008,l325-s5-manafi-2015,0.9359421066738141,0.8906459394264272,0.7483152080790796,0.7436084860530203,0.6922527780177503
l262-s5-oyarzabal-2016,l397-s1-tuncer-2007,1.0,1.0,0.9242127496159754,0.9242127496159754,0.772228896452741
l200-s4-schoch-2008,l221-s4-dai-2008,0.7020905923344948,0.7020905923344948,0.6053879766331113,0.6002085591112349,0.5528289427294473
e410-s2-prasad-2021,l294-s6-sarwar-2007,0.890625,0.95,0.7479377843882186,0.7265362350635729,0.6815598457715416
l171-s15-rittigstein-2006,l287-s2-jang-2008,1.0,0.9003484320557492,0.7198807743020188,0.7009449608353091,0.7031132400800806
l314-s4-diezpascual-2011,l266-s8-kalaitzidou-2007,0.910801393728223,0.9127019322141273,0.7249571492863044,0.7242290668259379,0.726857138513495
l383-s1-sadeghi-2017,l136-s5-vescovo-2010,1.0,1.0,0.8048675115207373,0.8048675115207373,0.6819179447539145
l229-s7-bao-2011,l260-s5-haggenmueller-2006,1.0,0.9230769230769231,0.6579455417099933,0.6579241359636251,0.6053520521267924
l171-s15-rittigstein-2006,l392-s1-wang-2020,1.0,1.0,0.8088037634408602,0.8088037634408602,0.7107192832530507
l142-s2-gao-2014,l267-s3-kim-2006,0.8407789945246391,0.9315579890492783,0.6868479554701351,0.6823147476228703,0.64858695948356
l180-s3-maillard-2012,l111-s4-singha-2009,1.0,0.9443815331010453,0.7619293349641444,0.757239230614418,0.7387208815902221
e410-s2-prasad-2021,l306-s3-jiang-2008,1.0,1.0,0.6550849614593742,0.6549273649131571,0.6370120596195292
l229-s2-bao-2011,l146-s3-tao-2011,1.0,1.0,0.6874886724131607,0.6767192359543759,0.683493484774171
l396-s6-ghosh-2013,l310-s5-chatterjee-2007,0.9985576923076922,1.0,0.7155249909606753,0.7139575964670855,0.6830943374193068
l380-s1-zhao-2017,l266-s8-kalaitzidou-2007,0.6802192218350754,0.6802192218350754,0.5357497988711536,0.5357514412708577,0.43849615656803015
l279-s1-motaung-2012,l285-s3-pham-2012,0.6770833333333334,0.6770833333333334,0.45052083333333337,0.45052083333333337,0.45052083333333337
l225-s1-ma-2007,l118-s1-fidelus-2005,0.8635549748354626,0.8771994773519165,0.5080762437088656,0.5080957091868404,0.5080762437088656
l146-s3-tao-2011,l392-s1-wang-2020,1.0,1.0,0.9910714285714286,0.9910714285714286,0.8713973142537709
l111-s3-singha-2009,l297-s1-shen-2004,0.8885879427990709,0.9130434782608695,0.8908969856997678,0.8909170594739292,0.7373765294074053
l209-s7-ash-2001,l318-s4-patsidis-2014,1.0,1.0,0.8846255060253613,0.8778729515565267,0.8499246205356693
l310-s5-chatterjee-2007,l316-s10-chandrasekaran-2013,0.6695510826281732,0.7387521777003484,0.5721288264895298,0.5711608264193315,0.5851432788460853
l304-s3-stockelhuber-2011,l260-s5-haggenmueller-2006,0.8006968641114982,0.8006968641114982,0.8349116140465226,0.8300217449464777,0.7508084584028453
l140-s9-gao-2012,l276-s3-huang-2009,1.0,1.0,0.649965440413039,0.6496689153102617,0.6013510489717002
l225-s1-ma-2007,l376-s6-carroll-2017,1.0,1.0,0.9468005952380953,0.9468005952380953,0.7946885834988737
l325-s5-manafi-2015,l375-s1-rishi-2018,0.9232868757259002,0.9168989547038328,0.8511654209284029,0.851168888216667,0.7396191079024589
l254-s7-castillo-2011,l285-s3-pham-2012,1.0,1.0,0.8387787667463332,0.837686317061939,0.8228175497126581
l196-s4-petersson-2006,l316-s3-chandrasekaran-2013,0.8067378048780487,0.8946596086839989,0.7099290742449352,0.7035031642941236,0.6596422200478904
l324-s5-zhu-2017,l276-s3-huang-2009,0.8501742160278745,0.8501742160278745,0.6160278806234689,0.6072170961424936,0.566081631276609
e116-s21-prasad-2018,l282-s3-cui-2008,0.8823529411764706,1.0,0.6317845022222285,0.6284551182768894,0.6053867744823591
l313-s2-huang-2014,l297-s1-shen-2004,0.8792329050522648,1.0,0.8604332262630662,0.8604824982541899,0.7140095836105611
l302-s3-bandyopadhyay-2005,l388-s1-benes-2018,0.9285714285714286,0.9285714285714286,0.7901785714285714,0.7901785714285714,0.6382958413607914
l121-s8-nelson-2005,l310-s5-chatterjee-2007,0.8868078023892484,0.8868078023892484,0.683063934907165,0.6830717558581371,0.6011469853572832
l209-s7-ash-2001,l191-s2-xie-2004,1.0,1.0,0.7098110244786132,0.7078953647996028,0.6702413187944974
l380-s1-zhao-2017,l386-s54-jimenez-2019,0.9192753702090593,0.9192753702090593,0.8586428763370801,0.8586435606702902,0.7374500062516143
l120-s11-murugaraj-2005,l318-s4-patsidis-2014,1.0,1.0,0.9762374591224132,0.9614979743481975,0.887197634803105
l210-s4-zhang-2014,l313-s2-huang-2014,0.7142475274815139,0.8895570892522111,0.49481453998534625,0.49998972895405197,0.42970041328111364
l310-s5-chatterjee-2007,l396-s4-ghosh-2013,0.9985576923076922,1.0,0.7174328595653762,0.715565662136949,0.6841845480505645
l225-s1-ma-2007,l267-s3-kim-2006,0.8875,1.0,0.44211309523809517,0.44211309523809517,0.44211309523809517
l191-s2-xie-2004,l287-s2-jang-2008,0.933078058459156,0.933078058459156,0.6091546007677895,0.6071989425479003,0.580695556616699
l132-s4-holt-2014,l316-s10-chandrasekaran-2013,0.9495690445626261,0.9503025857326243,0.7942494664353619,0.7942506189965577,0.7152691594153257
l120-s11-murugaraj-2005,l191-s2-xie-2004,1.0,1.0,0.8460910463011346,0.8285112250834157,0.7619329636231121
l308-s4-demetrio-2013,l318-s3-patsidis-2014,0.8352470700031677,0.9166930630345264,0.7320825071079718,0.728604636491278,0.7132103413534505
l310-s5-chatterjee-2007,l304-s3-stockelhuber-2011,0.8581383773021404,0.7142857142857143,0.6367662647714912,0.6362414476728996,0.541676435520427
l129-s12-wu-2011,l388-s1-benes-2018,0.9166666666666666,0.9166666666666666,0.7916666666666666,0.7916666666666666,0.640329845340414
l137-s8-yang-2014,l297-s1-shen-2004,0.78125,0.7254464285714286,0.7687641579911316,0.7687641579911316,0.6538527698980564
l310-s5-chatterjee-2007,l271-s15-sun-2004,0.7534843205574913,0.8927603561749903,0.6589222731699782,0.6585264244108586,0.6428614706532187
l377-s4-wanasekara-2017,l297-s1-shen-2004,1.0,1.0,0.7779304029304029,0.7779304029304029,0.6309608515363704
l260-s2-haggenmueller-2006,l308-s3-demetrio-2013,0.7752613240418118,1.0,0.4103995117795961,0.40903521294250095,0.4043938868234174
l203-s17-ma-2009,l308-s3-demetrio-2013,0.8702090592334495,0.8702090592334495,0.7024782969028945,0.7008079103537088,0.6813421738403987
l386-s54-jimenez-2019,e108-s10-huang-2016,0.7708378702090593,0.6437180603948897,0.5753470473277467,0.5647249970446224,0.5383778819702519
l154-s3-eitan-2005,l285-s3-pham-2012,1.0,1.0,0.8433328059892659,0.839486709893012,0.801878095807665
l378-s1-sotta-2017,e139-s6-hassinger-2016,1.0,1.0,0.6927083333333334,0.6927083333333334,0.5881859161367712
l191-s2-xie-2004,l217-s6-ash-2002,1.0,1.0,0.7176772216859729,0.7152046209367252,0.6962918890022998
l182-s7-hoepfner-2017,l229-s7-bao-2011,0.7812655550024888,0.7182288037166086,0.4660210085355744,0.46551487918584555,0.4305148210556456
l240-s6-hong-2005,l376-s6-carroll-2017,1.0,1.0,0.8566561735925144,0.8415992479326553,0.8373767149414454
l120-s11-murugaraj-2005,l316-s5-chandrasekaran-2013,1.0,1.0,0.9969951923076923,0.9792028660093662,0.9012362901318512
l297-s2-shen-2004,l278-s1-choi-2001,0.9375,0.814453125,0.7558035714285714,0.7558035714285714,0.6033749326192639
l376-s6-carroll-2017,l289-s1-motaung-2012,0.9538327526132404,0.9559233449477352,0.8445783257244677,0.8445803331018837,0.732734790619838
l378-s1-sotta-2017,l383-s1-sadeghi-2017,1.0,1.0,0.5799448574296644,0.5799448574296644,0.4920141380955687
l225-s1-ma-2007,l154-s3-eitan-2005,1.0,1.0,0.9285714285714286,0.9285714285714286,0.776142789762121
l258-s4-du-2004,l297-s1-shen-2004,1.0,1.0,0.7827380952380952,0.7827380952380952,0.6303094564287877
l258-s4-du-2004,l324-s6-zhu-2017,1.0,1.0,0.8250503783759527,0.8135201893715438,0.7601718810563587
l171-s15-rittigstein-2006,l236-s9-fukushima-2012,0.9114349065568578,0.9248458858214956,0.7130182474555824,0.7044906112125143,0.670866719058868
l261-s2-wang-2016,e108-s10-huang-2016,0.8808636948947128,0.8291069448843839,0.5900225009603962,0.5890042956577091,0.6134317587690347
l142-s2-gao-2014,l297-s1-shen-2004,0.7986262340301975,0.7771994773519163,0.7526868615378524,0.7526891426485525,0.6339262345143506
e116-s21-prasad-2018,l324-s5-zhu-2017,0.8181818181818182,0.8,0.6708719986247872,0.6638032445752253,0.6152104770026504
l297-s1-shen-2004,l306-s3-jiang-2008,0.8888888888888888,0.8888888888888888,0.7597222222222222,0.7597222222222222,0.6154822145358271
l229-s2-bao-2011,l146-s4-tao-2011,1.0,1.0,0.783405172413793,0.7782176401108628,0.7474378181079259
l111-s3-singha-2009,l306-s2-jiang-2008,0.9545454545454546,0.8706050047513462,0.7396326748827016,0.7389680256284787,0.728321795939041
l375-s1-rishi-2018,l297-s2-shen-2004,1.0,1.0,0.8907312925170069,0.8907312925170069,0.7443076498645018
l316-s5-chandrasekaran-2013,l308-s3-demetrio-2013,1.0,0.8997289972899729,0.7573226880429663,0.7572401966001954,0.7702384128204806
l258-s4-du-2004,l209-s12-ash-2001,1.0,1.0,0.8169510324009455,0.8061869603470054,0.809947957600577
l308-s4-demetrio-2013,l252-s3-ameli-2014,0.984375,0.984375,0.6899570206151401,0.6889236675917171,0.6852018922744996
l142-s2-gao-2014,l278-s1-choi-2001,0.654772274763564,0.6979257404181185,0.7029787829766052,0.7029803471667997,0.5979833748489912
l380-s1-zhao-2017,l146-s3-tao-2011,1.0,1.0,1.0,1.0,0.8486631786737475
l110-s7-singha-2008,l285-s3-pham-2012,0.910126306620209,0.910126306620209,0.7440635518354832,0.7421296769722898,0.7308997381380054
l129-s12-wu-2011,l318-s4-patsidis-2014,0.5512727448703059,0.5512727448703059,0.6832032284709146,0.673553865111321,0.5992417996126611
l110-s7-singha-2008,l382-s1-huang-2019,0.9166666666666666,0.9166666666666666,0.9045698924731183,0.9045698924731183,0.7554167061129757
l142-s2-gao-2014,l212-s5-ghanbari-2012,0.8773793392695831,1.0,0.9005486869095715,0.8941519432112974,0.8711444355123779
l254-s7-castillo-2011,l376-s6-carroll-2017,0.916553843641115,0.9186444359756096,0.8487401235138514,0.8487422221356955,0.790099626772855
l240-s6-hong-2005,l210-s4-zhang-2014,1.0,1.0,0.7898809523809525,0.7898809523809525,0.7268514728929795
l211-s17-ash-2004,e139-s6-hassinger-2016,1.0,1.0,0.7917113715638353,0.7900405780942784,0.7457115001223461
l120-s11-murugaraj-2005,l297-s2-shen-2004,0.8741153092334495,0.98046875,0.6570033276256212,0.6418613809970648,0.598865302702129
l380-s1-zhao-2017,l121-s8-nelson-2005,0.9889705882352942,0.9889705882352942,0.9376157069527563,0.9376157069527563,0.7862788856265037
l316-s5-chandrasekaran-2013,l259-s3-chen-2017,0.858830574912892,0.8468713704994193,0.5378613811058455,0.5372977920010067,0.5152482637149227
l180-s3-maillard-2012,l146-s3-tao-2011,1.0,1.0,0.8393273703910843,0.8340454636947577,0.791264955055904
l290-s24-si-2006,l388-s1-benes-2018,1.0,1.0,0.9254032258064516,0.9254032258064516,0.772974586997144
l174-s6-ramanathan-2008,e410-s2-prasad-2021,1.0,1.0,0.7138242503612996,0.7128061709016594,0.6789782997156169
l182-s7-hoepfner-2017,l324-s5-zhu-2017,0.9322916666666666,0.9261363636363636,0.6108483413019151,0.6043974152107378,0.5735150172398873
l252-s3-ameli-2014,l209-s12-ash-2001,1.0,1.0,0.8839598503229542,0.8741282280057289,0.8398848891148741
l209-s12-ash-2001,l120-s2-murugaraj-2005,0.7363530778164925,1.0,0.45951923343753476,0.4562589179597114,0.4362139082665333
l225-s1-ma-2007,l209-s7-ash-2001,1.0,1.0,0.8749999999999999,0.8749999999999999,0.7198418174830551
l383-s1-sadeghi-2017,l146-s4-tao-2011,1.0,1.0,1.0,1.0,0.8792340681992873
l210-s4-zhang-2014,l375-s4-rishi-2018,0.811555353130575,0.811555353130575,0.6947603869906852,0.6849401127674382,0.632063912550519
l302-s3-bandyopadhyay-2005,l191-s2-xie-2004,0.9020833333333333,0.7539960801393728,0.6646316756570823,0.6593816438876571,0.6166827345173285
l279-s1-motaung-2012,l306-s3-jiang-2008,0.2768475397626014,0.2768475397626014,0.5364737897025551,0.5644889764565044,0.42561480177784855
e116-s21-prasad-2018,l203-s17-ma-2009,0.9455909943714822,0.9455909943714822,0.6131506615766639,0.6127174890885684,0.5620121425765225
l182-s7-hoepfner-2017,l382-s1-huang-2019,0.9660859465737514,0.9599303135888502,0.8617595818815332,0.8617767358339984,0.7353726097388922
l196-s4-petersson-2006,l294-s4-sarwar-2007,0.9182346109175378,0.9558106169296988,0.723407798401328,0.718521507648815,0.6882985088102511
l225-s8-ma-2007,l302-s3-bandyopadhyay-2005,0.7307859823103726,1.0,0.7216723316830492,0.7137074580148786,0.6559864670516592
l320-s2-wang-2014,l258-s4-du-2004,0.9285714285714286,1.0,0.5552249519755866,0.5518922735494721,0.5050039500465843
l282-s3-cui-2008,l316-s5-chandrasekaran-2013,0.9506046320967412,0.9506046320967412,0.7490961832279863,0.7446262794169225,0.6910815954188724
l180-s3-maillard-2012,l252-s3-ameli-2014,1.0,1.0,0.8006325558518537,0.7960785505458612,0.7502383760503136
l242-s4-narayanan-2006,l306-s2-jiang-2008,1.0,1.0,0.7036411510574672,0.7028890877226216,0.6717760778954668
l275-s1-zhou-2006,l285-s3-pham-2012,1.0,1.0,1.0,1.0,0.844841817483055
e116-s21-prasad-2018,l413-s3-botta-2018,0.7660810039265341,0.8483781372704192,0.7766456990103073,0.7772035329376932,0.6453725403483612
l142-s2-gao-2014,l396-s4-ghosh-2013,0.9595588235294118,1.0,0.8794326475131994,0.8756112550067958,0.8199349802690326
l225-s1-ma-2007,l274-s3-goh-2003,0.4979529616724738,0.4979529616724738,0.5236359676908456,0.5236414423565261,0.4105455127960096
l261-s2-wang-2016,l146-s3-tao-2011,1.0,1.0,0.7599973149956508,0.7501694650472569,0.7740479320848915
l154-s3-eitan-2005,l221-s4-dai-2008,0.8713968957871397,0.8713968957871397,0.6953733350025383,0.6953543727315094,0.6494621340840565
l212-s5-ghanbari-2012,l308-s3-demetrio-2013,1.0,1.0,0.8499284995850259,0.8460970347696628,0.8301779171062496
e116-s21-prasad-2018,l238-s3-zhao-2008,0.9616724738675958,1.0,0.6748553067832749,0.6661562514155631,0.6162571102742986
l310-s5-chatterjee-2007,l282-s3-cui-2008,0.8981804103755322,0.9527680991095626,0.7445787449244997,0.7410853726654463,0.7198575630768476
l324-s5-zhu-2017,l154-s3-eitan-2005,0.8374210583623694,1.0,0.675070792462105,0.6715911057852537,0.625317034167714
l385-s3-bailey-2019,l279-s1-motaung-2012,1.0,0.9997319753417314,0.8859801488833747,0.8859801488833747,0.759412746902829
l209-s7-ash-2001,l308-s3-demetrio-2013,1.0,1.0,0.6776065704111991,0.6775906678009466,0.6441607675133472
l267-s3-kim-2006,l236-s9-fukushima-2012,0.9199767711962834,0.9197444831591173,0.8028855533092923,0.7926855915539746,0.751368737672238
l242-s4-narayanan-2006,l102-s8-hu-2007,1.0,1.0,0.8222468712914014,0.8222468712914014,0.7204517269335386
l208-s5-li-2012,l304-s3-stockelhuber-2011,0.8388320267131243,0.8388320267131243,0.6490789574944286,0.6318120587429128,0.565315280852474
l140-s9-gao-2012,l285-s1-pham-2012,0.8711890243902439,0.8138973577235773,0.8886305894308943,0.8886667830540037,0.7334724069139493
l174-s6-ramanathan-2008,l396-s6-ghosh-2013,1.0,1.0,0.7623024331447118,0.7616979835842513,0.7237308645040798
l240-s6-hong-2005,l177-s2-yang-2013,1.0,1.0,0.7686429797119663,0.7686429797119663,0.7366882906438633
l203-s17-ma-2009,l120-s11-murugaraj-2005,0.8861498257839722,0.8861498257839722,0.8525222676769575,0.8346632961905706,0.7650752502266746
l179-s5-ramanathan-2007,l377-s4-wanasekara-2017,1.0,1.0,0.7374073768668155,0.7148891377431011,0.6479150961180065
l325-s5-manafi-2015,l267-s3-kim-2006,0.8493701420530689,0.8488340927365317,0.5356137389075457,0.535591317325396,0.4951856585239514
l146-s4-tao-2011,l306-s2-jiang-2008,1.0,1.0,0.8493704733690904,0.8442272197673947,0.7485333482096898
l180-s3-maillard-2012,l289-s1-motaung-2012,0.7496515679442508,0.7496515679442508,0.6665795586527293,0.66662302141527,0.5409902589712301
l146-s3-tao-2011,l388-s1-benes-2018,1.0,1.0,0.6785714285714286,0.6785714285714286,0.6785714285714286
l274-s3-goh-2003,l287-s2-jang-2008,0.9765625,0.910724655715945,0.7609746108780178,0.75958627377102,0.7218556463231615
l318-s3-patsidis-2014,l146-s3-tao-2011,1.0,1.0,0.7885694774547036,0.7832477752737816,0.7840675723501391
l258-s4-du-2004,e410-s2-prasad-2021,1.0,1.0,0.7293367905375686,0.7273666756882289,0.700671498224732
l140-s9-gao-2012,l142-s2-gao-2014,1.0,1.0,0.8600058809759248,0.8561734719581771,0.8260541290016252
l171-s15-rittigstein-2006,l309-s4-torki-2010,0.9109914475768135,0.9109914475768135,0.7944342595657156,0.7798354102227337,0.7135017337992395
l302-s3-bandyopadhyay-2005,l129-s12-wu-2011,0.562862950058072,0.562862950058072,0.6316671020722665,0.6206090702983406,0.5595758790460177
l211-s15-ash-2004,l294-s6-sarwar-2007,1.0,0.968931475029036,0.7257920527707048,0.7024958640506448,0.6538966560548556
l278-s1-choi-2001,l308-s3-demetrio-2013,0.9345445495271278,1.0,0.6943733168689614,0.6943764452493503,0.5865916425158997
l262-s5-oyarzabal-2016,l316-s10-chandrasekaran-2013,1.0,1.0,0.7291324890852022,0.7218189090858369,0.689861030985565
l290-s24-si-2006,l212-s5-ghanbari-2012,1.0,1.0,0.678327233367037,0.6712481675726002,0.6426296688661715
l308-s4-demetrio-2013,l102-s8-hu-2007,0.7735191637630662,1.0,0.8822991790789048,0.8823114970766857,0.7749292341209632
l254-s7-castillo-2011,l208-s5-li-2012,0.7582081585239309,0.7582081585239309,0.5392515156135678,0.5337112346230247,0.5229121364662755
l121-s8-nelson-2005,l208-s5-li-2012,0.7895060463209674,0.8543910357934749,0.7729347566593598,0.7713283406631223,0.6770898773079542
l140-s9-gao-2012,l294-s4-sarwar-2007,1.0,1.0,0.7076785964013405,0.6962793704641832,0.6585061620531977
l225-s8-ma-2007,l271-s15-sun-2004,0.9166666666666666,0.8333333333333334,0.6979410273910743,0.6956666475855933,0.6694014867454576
l177-s2-yang-2013,l306-s2-jiang-2008,0.8,0.8,0.6659810003133018,0.6651504785936435,0.643536783793035
l278-s1-choi-2001,l287-s4-jang-2008,0.6023327013732322,0.7925377468060395,0.33808317534330806,0.33808381942162335,0.33808317534330806
l274-s3-goh-2003,l294-s4-sarwar-2007,1.0,0.9333333333333333,0.8409043091459623,0.8316721734325306,0.7719293873331873
l308-s4-demetrio-2013,l377-s4-wanasekara-2017,0.75,1.0,0.865772830469605,0.8442755053849228,0.8004948175370946
l282-s3-cui-2008,l266-s8-kalaitzidou-2007,0.9437536295005808,1.0,0.7524761868640991,0.7494513670048139,0.7050112903454007
l325-s5-manafi-2015,l260-s5-haggenmueller-2006,0.8400116144018583,0.9239784605638264,0.7095191381389618,0.7082681230696178,0.6673041492447612
l238-s3-zhao-2008,l132-s4-holt-2014,0.849906191369606,0.9365853658536586,0.6907199655933203,0.6720849219786199,0.5850370702497404
l225-s8-ma-2007,l118-s1-fidelus-2005,0.7706736353077815,0.8712364213978274,0.4581573025551684,0.4581681302272919,0.4581573025551684
l314-s4-diezpascual-2011,l217-s6-ash-2002,0.755464048146975,0.8260162601626017,0.49847906823648797,0.4963602143377569,0.46179668062615237
l221-s8-dai-2008,l200-s4-schoch-2008,0.7020905923344948,0.7020905923344948,0.6053879766331113,0.6002085591112349,0.5528289427294473
l320-s2-wang-2014,l137-s8-yang-2014,0.8848124615699939,0.8888888888888888,0.7160974673640563,0.7160987555206869,0.6828806901462703
l196-s4-petersson-2006,l102-s8-hu-2007,0.8898954703832752,0.8898180410375532,0.8391723721975493,0.8391728993875777,0.7940215919631795
l142-s2-gao-2014,l392-s1-wang-2020,0.9301684088269453,0.915543656486985,0.578710256968641,0.5787391510375098,0.5103913702003043
l261-s2-wang-2016,l236-s9-fukushima-2012,0.8865269638897687,0.8459670573362094,0.7598006883952492,0.7495373259160435,0.7005645764987672
l325-s5-manafi-2015,l306-s2-jiang-2008,0.9337979094076655,0.9288203086112494,0.7521964009602561,0.752156929533778,0.7402152498135885
l191-s2-xie-2004,l120-s2-murugaraj-2005,1.0,1.0,0.7555662034498125,0.744260960979395,0.7152307869270849
l110-s7-singha-2008,l289-s1-motaung-2012,0.8931958962446767,0.8931958962446767,0.7024656407278358,0.7024751707014276,0.5473074582108908
e116-s21-prasad-2018,l383-s1-sadeghi-2017,1.0,1.0,0.8390937019969278,0.8390937019969278,0.7379196550600061
l262-s5-oyarzabal-2016,l212-s5-ghanbari-2012,0.9473684210526315,0.9473684210526315,0.6666998268830158,0.6631352202562427,0.6147405423875311
l180-s3-maillard-2012,l260-s2-haggenmueller-2006,0.9498257839721255,1.0,0.800642896033042,0.7974159519396913,0.7604063401667827
l136-s5-vescovo-2010,l318-s3-patsidis-2014,1.0,1.0,0.7601178824359656,0.7495511846900144,0.7466501599489801
l262-s5-oyarzabal-2016,l274-s3-goh-2003,0.9196428571428571,0.96484375,0.5557746942253992,0.5497088283197782,0.4989692366283351
l174-s6-ramanathan-2008,l266-s8-kalaitzidou-2007,1.0,0.8079442508710801,0.6347120831254577,0.6332762668896342,0.6067648966467049
l325-s5-manafi-2015,l308-s3-demetrio-2013,0.9246850710265344,0.9305816135084428,0.7397354492335146,0.7396132749830348,0.7543925513490809
l111-s4-singha-2009,l297-s1-shen-2004,0.8885879427990709,0.9130434782608695,0.8908969856997678,0.8909170594739292,0.7373765294074053
l120-s11-murugaraj-2005,l212-s5-ghanbari-2012,0.9423151374370886,0.9423151374370886,0.8827944536175731,0.8666675635847455,0.7912479938537257
l182-s7-hoepfner-2017,l287-s2-jang-2008,0.629533699912892,0.7236337795708784,0.4430155363863826,0.4411211626579959,0.40914745752640297
l278-s2-choi-2001,l266-s8-kalaitzidou-2007,0.9386759581881533,0.9294284177085469,0.7613133154439191,0.7598621903839579,0.7258007189551315
l142-s2-gao-2014,l413-s3-botta-2018,0.8915441176470589,1.0,0.8946708341655848,0.8946708341655848,0.7830000293191104
l397-s1-tuncer-2007,l318-s4-patsidis-2014,0.9452011403230915,0.8542920494140006,0.8805760599068324,0.8805949723882739,0.7317570553292483
l177-s2-yang-2013,l376-s6-carroll-2017,0.951219512195122,0.9534201357051165,0.7943864718906626,0.7943884888727555,0.7095485339189174
l171-s15-rittigstein-2006,l377-s4-wanasekara-2017,1.0,1.0,0.6097251020288049,0.605995541844003,0.5738553850841888
l238-s3-zhao-2008,l260-s2-haggenmueller-2006,0.9238809970517288,0.9238809970517288,0.7554107855224901,0.7468415171696127,0.7282242695109062
l382-s1-huang-2019,l285-s1-pham-2012,1.0,1.0,0.7410714285714285,0.7410714285714285,0.718010059694341
l171-s15-rittigstein-2006,l306-s2-jiang-2008,0.8908246225319396,0.8908246225319396,0.7569931907022411,0.738197330380412,0.6829956215954325
l210-s4-zhang-2014,l129-s12-wu-2011,0.9442508710801394,0.9442508710801394,0.8516854850444363,0.846729441007856,0.8133502690442485
l262-s5-oyarzabal-2016,l310-s5-chatterjee-2007,1.0,1.0,0.581430119418866,0.5750931425357682,0.5521873714662159
l396-s4-ghosh-2013,l388-s1-benes-2018,1.0,1.0,0.8824175824175824,0.8824175824175824,0.7387234834727149
l154-s3-eitan-2005,l287-s2-jang-2008,0.7507281685540069,0.6758057491289198,0.608405872070174,0.6035697308777075,0.5667669304044829
e116-s21-prasad-2018,l102-s8-hu-2007,1.0,1.0,0.8888509988711387,0.8888509988711387,0.8067531210254388
l282-s3-cui-2008,l306-s3-jiang-2008,0.8894696089818042,0.9440572977158342,0.6284540781215625,0.6251688747138365,0.584613817285771
l129-s12-wu-2011,e139-s6-hassinger-2016,1.0,1.0,0.7291933832024414,0.7242355160480198,0.6557388861098365
l290-s24-si-2006,l209-s12-ash-2001,1.0,1.0,0.8483119026666381,0.8473095583469875,0.8247329158951044
l324-s5-zhu-2017,l285-s3-pham-2012,0.6035534352171983,0.6035534352171983,0.6518771303414614,0.6512602186963431,0.6102442057581575
l385-s3-bailey-2019,l316-s3-chandrasekaran-2013,0.9997822299651568,1.0,0.9068240654765634,0.8931090474920248,0.849865897642938
l313-s2-huang-2014,l282-s2-cui-2008,0.6995862369337978,0.8770075675087108,0.6913137344474437,0.68980389532489,0.6526088447863251
l225-s8-ma-2007,l304-s3-stockelhuber-2011,0.8597343205574912,0.8611221095977193,0.8381974690282618,0.8381992939168218,0.7091843656503097
l225-s8-ma-2007,l316-s5-chandrasekaran-2013,0.6381629887727449,0.6150793650793651,0.5502177452110817,0.5493245361929971,0.5399203660132388
l254-s7-castillo-2011,l385-s3-bailey-2019,0.9280186277137497,1.0,0.8629289145114636,0.8498664672555918,0.7903425591064678
l324-s5-zhu-2017,l209-s7-ash-2001,0.8501742160278745,0.8501742160278745,0.7669632177190484,0.7586768902122537,0.7316491621196205
l325-s5-manafi-2015,l289-s1-motaung-2012,0.9289734655588314,0.9230769230769231,0.8630037350533023,0.8630068233262502,0.7378097034891709
l379-s8-liu-2017,l287-s4-jang-2008,1.0,1.0,0.8359196049806894,0.8359196049806894,0.7122722986036019
l225-s8-ma-2007,l397-s1-tuncer-2007,0.8840219014435042,1.0,0.8830327862852457,0.8830468639969954,0.7342137817076618
l271-s15-sun-2004,l318-s3-patsidis-2014,0.8888888888888888,0.9020905923344948,0.6561593071063656,0.6530253015187627,0.6277017410788146
l191-s3-xie-2004,l146-s4-tao-2011,1.0,1.0,0.8500874257757752,0.8432556767267892,0.7516371743609335
l290-s24-si-2006,l209-s7-ash-2001,1.0,1.0,0.9042171819308509,0.8932907487107983,0.8620031020712462
l385-s3-bailey-2019,l260-s2-haggenmueller-2006,1.0,1.0,0.8276249815112499,0.8154922864787085,0.7472064755111286
e410-s2-prasad-2021,l120-s2-murugaraj-2005,0.8768691927990709,0.8768691927990709,0.7605573694633975,0.7484866727839325,0.7294502022527716
l182-s7-hoepfner-2017,l179-s5-ramanathan-2007,0.7479239256678282,0.8819541231126597,0.5778416297836805,0.5760859504735004,0.5390063155745118
l261-s2-wang-2016,l120-s11-murugaraj-2005,1.0,1.0,0.9450211663336663,0.9272288400353403,0.82983868063312
l324-s5-zhu-2017,l294-s4-sarwar-2007,0.9097222222222222,0.8984375,0.6476622444044807,0.6453966064463423,0.6103061151072742
l313-s2-huang-2014,l316-s3-chandrasekaran-2013,1.0,1.0,0.7260246286896033,0.7258346354148962,0.703922533063554
l378-s1-sotta-2017,l396-s6-ghosh-2013,1.0,1.0,0.8691844553913519,0.8691844553913519,0.7556155418128304
l146-s4-tao-2011,l276-s3-huang-2009,1.0,1.0,0.9996686026379531,0.9943791648911715,0.9212701126104278
l324-s5-zhu-2017,l396-s4-ghosh-2013,1.0,1.0,0.8450248494544123,0.8359200432932152,0.7884938254431523
l196-s4-petersson-2006,l316-s10-chandrasekaran-2013,0.73340281234445,0.9279249954153678,0.5847939271740046,0.5792041873503998,0.5362582344724234
l177-s2-yang-2013,l276-s4-huang-2009,1.0,1.0,0.8358316676188444,0.8350543428816377,0.8041918700091466
l383-s1-sadeghi-2017,e410-s2-prasad-2021,1.0,1.0,0.6926406926406926,0.6926406926406926,0.6239471759984827
l274-s3-goh-2003,l287-s3-jang-2008,0.9765625,0.910724655715945,0.7659478228679618,0.7638247126252085,0.7251711209831242
l111-s4-singha-2009,l266-s8-kalaitzidou-2007,1.0,0.9583914053426249,0.6851104711224261,0.6835189701898842,0.6875131898415223
l379-s8-liu-2017,l132-s4-holt-2014,0.9300647088103534,1.0,0.7095065361645092,0.7095073182596064,0.5933248289958751
l324-s5-zhu-2017,l200-s4-schoch-2008,1.0,1.0,0.7487481704860199,0.7400681505958081,0.6891767095516615
l211-s17-ash-2004,l120-s2-murugaraj-2005,1.0,1.0,0.7093661992292302,0.6955991190081225,0.6558482027045656
l142-s2-gao-2014,l325-s5-manafi-2015,0.49851520430788726,0.558831412489949,0.4647957264705038,0.46025173184507634,0.43548789878014527
l180-s3-maillard-2012,e108-s10-huang-2016,0.9218641114982579,0.7784922394678492,0.5869173167454957,0.5839879172270442,0.5591557474053668
l385-s3-bailey-2019,l200-s4-schoch-2008,0.9250871080139372,0.9250871080139372,0.7506374448196993,0.7371913828636609,0.6702965068748895
l240-s6-hong-2005,l118-s1-fidelus-2005,1.0,1.0,0.7781250000000001,0.7781250000000001,0.6333390835720774
l225-s8-ma-2007,l413-s3-botta-2018,1.0,1.0,1.0,1.0,0.8497549961568025
l191-s3-xie-2004,l259-s3-chen-2017,0.7668608449477352,0.7668608449477352,0.4412824155312884,0.43590250069560554,0.39160130224204737
l121-s8-nelson-2005,l379-s8-liu-2017,0.9605978260869565,1.0,0.7846276232825146,0.7846276232825146,0.637658071888482
l177-s2-yang-2013,l285-s3-pham-2012,1.0,1.0,0.8260707793068192,0.8243775181442803,0.7854568993456197
e116-s21-prasad-2018,l146-s3-tao-2011,1.0,1.0,0.8593536374738997,0.8506691107409028,0.8023053095725416
l221-s8-dai-2008,l278-s2-choi-2001,0.724157955865273,0.718931475029036,0.45873619491960543,0.45401005389986404,0.42308218447714707
l386-s54-jimenez-2019,l211-s15-ash-2004,0.8773342225609756,0.8773342225609756,0.7036118170028984,0.6913007388422854,0.6400025965667
l142-s2-gao-2014,l132-s4-holt-2014,0.8128316805146074,0.7343004556419191,0.5374370991619387,0.5344968759618985,0.5248061584170081
l375-s4-rishi-2018,l132-s4-holt-2014,0.8655052264808363,0.8655052264808363,0.7937941275176306,0.7769168170126994,0.7039196576308054
l279-s1-motaung-2012,l120-s2-murugaraj-2005,1.0,1.0,0.9461206896551724,0.9461206896551724,0.8337335158149386
l200-s4-schoch-2008,e410-s2-prasad-2021,1.0,1.0,0.7180883071820123,0.7165907614980599,0.6881984149687194
l304-s3-stockelhuber-2011,l297-s1-shen-2004,1.0,1.0,0.7844551282051282,0.7844551282051282,0.6366667136988043
l209-s7-ash-2001,l287-s3-jang-2008,1.0,0.9845383275261324,0.5813538832873472,0.5805768811913615,0.5989149375565909
l308-s3-demetrio-2013,l294-s6-sarwar-2007,1.0,0.9146341463414634,0.7714614197512978,0.748945641341103,0.7133818559245186
l297-s2-shen-2004,e408-s24-prasad-2021,0.8497182600174216,1.0,0.62177472886999,0.6183095925597236,0.5893985174824292
l308-s4-demetrio-2013,l120-s11-murugaraj-2005,1.0,1.0,0.7153560007671286,0.6973011963626422,0.6649111150714256
l287-s4-jang-2008,l392-s1-wang-2020,0.8185911559745849,0.7592249806426635,0.7836896476726016,0.783714981419672,0.6856051674847922
l379-s8-liu-2017,e408-s24-prasad-2021,0.9523809523809523,1.0,0.8658794162826422,0.8658794162826422,0.7684659007052141
l396-s6-ghosh-2013,l209-s12-ash-2001,1.0,1.0,0.7449786788206259,0.736645489840865,0.698685651109043
l275-s1-zhou-2006,l120-s11-murugaraj-2005,1.0,1.0,1.0,1.0,0.8617649884704073
l212-s5-ghanbari-2012,l276-s3-huang-2009,0.7066351654528144,0.7066351654528144,0.5533634447042476,0.5502990435717617,0.5033816563916583
l324-s5-zhu-2017,l260-s5-haggenmueller-2006,1.0,1.0,0.7738710574238824,0.7669518834112302,0.7288108047559305
l179-s5-ramanathan-2007,l278-s2-choi-2001,0.7641455086205543,0.6078955086205543,0.5002601056632786,0.5167855968185815,0.47895915783368054
l324-s5-zhu-2017,l287-s2-jang-2008,0.9079861111111112,0.9079861111111112,0.7443086149240128,0.735953780061722,0.6940279171899518
l259-s2-chen-2017,l377-s4-wanasekara-2017,1.0,1.0,0.910752260614674,0.887161515223415,0.8183189048976903
l191-s3-xie-2004,l118-s1-fidelus-2005,1.0,1.0,0.8753450682382133,0.8753450682382133,0.7338346042594558
l196-s4-petersson-2006,e410-s2-prasad-2021,1.0,1.0,0.7821301462032711,0.7775691459912385,0.7500902963333447
l313-s2-huang-2014,l276-s4-huang-2009,0.8979648400380107,0.8295454545454546,0.6952240780298072,0.6947849290184024,0.6510123423197806
l413-s3-botta-2018,l318-s4-patsidis-2014,1.0,1.0,0.8749999999999999,0.8749999999999999,0.7247549961568025
l282-s3-cui-2008,l289-s1-motaung-2012,0.9419963107194097,1.0,0.6000824110131858,0.6000828403987294,0.6000824110131858
l209-s12-ash-2001,l285-s3-pham-2012,1.0,1.0,0.671561593285876,0.6625969541860275,0.6723295232811205
l413-s3-botta-2018,l278-s2-choi-2001,0.9461805555555556,1.0,0.8988715277777778,0.8988715277777778,0.7692360953404143
l314-s4-diezpascual-2011,l316-s5-chandrasekaran-2013,0.9578977932636469,0.9578977932636469,0.718562906743217,0.7164758667903063,0.7046111828003983
l200-s4-schoch-2008,l217-s6-ash-2002,0.7854420731707317,0.7854420731707317,0.5269720059533974,0.5222500919753507,0.5215252688329205
l313-s2-huang-2014,l258-s4-du-2004,1.0,1.0,0.8191710716186343,0.8188860817065737,0.7914270631305681
l388-s1-benes-2018,l285-s3-pham-2012,1.0,1.0,0.9910714285714286,0.9910714285714286,0.8359132460544835
l111-s4-singha-2009,l271-s15-sun-2004,1.0,0.9542060726729718,0.7402550940651836,0.7387387907876558,0.7397472581188717
l180-s3-maillard-2012,l260-s5-haggenmueller-2006,0.9498257839721255,1.0,0.8243929686624024,0.8218166325690038,0.7831187571686488
l276-s3-huang-2009,l259-s3-chen-2017,1.0,1.0,0.8445455411238207,0.8444914497190426,0.805171458506184
l121-s8-nelson-2005,e108-s10-huang-2016,0.721875,0.8772321428571429,0.6096354166666667,0.6096354166666667,0.5176190135821638
l171-s15-rittigstein-2006,l259-s2-chen-2017,0.9411764705882353,0.9435975609756098,0.8537328812270251,0.8338716960205681,0.8056281362839623
l154-s3-eitan-2005,l316-s3-chandrasekaran-2013,0.9257571696596086,1.0,0.7628883712648632,0.7573491956011105,0.7121384305920553
e116-s21-prasad-2018,l289-s1-motaung-2012,1.0,1.0,0.5816532258064516,0.5816532258064516,0.5832909520310341
l382-s1-huang-2019,l137-s8-yang-2014,0.9549941927990709,0.8590190297507371,0.7489648216419938,0.7489848954161555,0.6514594965845869
l196-s4-petersson-2006,l276-s4-huang-2009,1.0,1.0,0.8226083839298731,0.8169607653972601,0.7809267497268679
l320-s2-wang-2014,l111-s4-singha-2009,0.9672473867595819,0.9340301974448316,0.6860744506631873,0.6835384270781472,0.7360619149653108
l282-s2-cui-2008,l259-s3-chen-2017,0.7958950348432056,0.7958950348432056,0.5330731567130205,0.5312238138091896,0.4897203690017085
l382-s1-huang-2019,l236-s9-fukushima-2012,0.9499651567944252,0.9496864111498258,0.847085691475646,0.8471118603775984,0.7238683083026857
l174-s6-ramanathan-2008,l285-s3-pham-2012,1.0,1.0,0.7712727401278402,0.7704253425634481,0.747487313540278
l110-s7-singha-2008,l308-s3-demetrio-2013,1.0,1.0,0.7613840690150028,0.7603851643658779,0.724583848811863
l229-s2-bao-2011,l297-s2-shen-2004,0.9669117647058824,0.8138066202090593,0.5994047754907017,0.5938895962520724,0.5573203151873385
l383-s1-sadeghi-2017,l413-s3-botta-2018,1.0,1.0,0.8338815789473684,0.8338815789473684,0.727669861516169
l211-s15-ash-2004,l111-s4-singha-2009,1.0,0.9945462808665353,0.7300927032307469,0.7293718279916912,0.6982712178434481
l140-s9-gao-2012,l255-s9-logakis-2009,1.0,1.0,0.7940972222222222,0.7755813277360605,0.7027012211533734
l320-s2-wang-2014,l142-s2-gao-2014,0.7199235385210995,0.9189955962059622,0.5947296223952756,0.5893350239210154,0.56756553201251
l254-s7-castillo-2011,l287-s3-jang-2008,0.9095070230836237,0.8508826091412175,0.6712703393637511,0.6704962125365869,0.6551682231238429
l242-s4-narayanan-2006,l267-s3-kim-2006,1.0,1.0,0.5997827228624093,0.598964344673579,0.5851758808787618
e116-s21-prasad-2018,l142-s2-gao-2014,1.0,0.8666666666666667,0.7318157346639298,0.7282932309238851,0.6754936061474143
l238-s3-zhao-2008,l275-s1-zhou-2006,0.6601196060037524,0.7007295296167247,0.45785704953900425,0.45787670218503645,0.45785704953900425
l313-s2-huang-2014,l177-s2-yang-2013,1.0,1.0,0.8028912135273799,0.8026774924675779,0.7836525070791729
l211-s15-ash-2004,l278-s1-choi-2001,0.9920634920634921,0.9414828993214744,0.5128968253968254,0.5129217655404806,0.5128968253968254
l191-s2-xie-2004,l260-s2-haggenmueller-2006,1.0,1.0,0.5710983688358687,0.5705761410462669,0.5444008799545821
l211-s15-ash-2004,l260-s5-haggenmueller-2006,0.9843205574912892,0.9843205574912892,0.6514329329657316,0.6493322492552845,0.6348375819744632
l274-s3-goh-2003,l261-s2-wang-2016,0.8674324912891986,0.9327367754197021,0.6396310131541566,0.6383866778866906,0.598453893711698
l261-s2-wang-2016,l297-s1-shen-2004,0.9739583333333334,0.970108695652174,0.9004701028138529,0.9004701028138529,0.7469496465214903
l383-s1-sadeghi-2017,l297-s1-shen-2004,1.0,1.0,0.8822427572427572,0.8822427572427572,0.7689412176345304
l383-s1-sadeghi-2017,l179-s5-ramanathan-2007,0.9339372822299652,1.0,0.8687089749353716,0.8687092912493884,0.7691726542230323
l413-s3-botta-2018,l261-s2-wang-2016,1.0,1.0,0.9879032258064515,0.9879032258064515,0.8376582219632541
l310-s5-chatterjee-2007,l397-s1-tuncer-2007,0.9464681659803612,0.7671840354767184,0.8868245071793113,0.8868440832565927,0.7342900048905193
l259-s2-chen-2017,l316-s10-chandrasekaran-2013,0.6054174484052532,0.6423210935406056,0.4742473810309292,0.47320889998237387,0.4505306935988657
l242-s4-narayanan-2006,l377-s4-wanasekara-2017,1.0,1.0,0.7046099501306632,0.6813314524622088,0.6315422225942711
l383-s1-sadeghi-2017,l314-s4-diezpascual-2011,0.8898954703832752,0.8922183507549362,0.8220888051139821,0.8220893323040107,0.7221491442596403
