left_id,right_id,support
l157-s2-zhao-2008,l238-s2-zhao-2008,1.0
l157-s2-zhao-2008,l238-s4-zhao-2008,1.0
l157-s2-zhao-2008,l238-s5-zhao-2008,1.0
l157-s2-zhao-2008,l238-s7-zhao-2008,1.0
l157-s2-zhao-2008,l238-s8-zhao-2008,1.0
l157-s2-zhao-2008,l238-s9-zhao-2008,1.0
l238-s3-zhao-2008,l157-s2-zhao-2008,1.0
l238-s6-zhao-2008,l157-s2-zhao-2008,1.0
l110-s10-singha-2008,l111-s1-singha-2009,0.800000011920929
l110-s10-singha-2008,l111-s5-singha-2009,0.800000011920929
l110-s10-singha-2008,l111-s6-singha-2009,0.800000011920929
l110-s10-singha-2008,l111-s7-singha-2009,0.800000011920929
l110-s14-singha-2008,l111-s1-singha-2009,0.800000011920929
l110-s14-singha-2008,l111-s2-singha-2009,0.800000011920929
l110-s14-singha-2008,l111-s5-singha-2009,0.800000011920929
l110-s14-singha-2008,l111-s6-singha-2009,0.800000011920929
l110-s14-singha-2008,l111-s7-singha-2009,0.800000011920929
l110-s2-singha-2008,l111-s1-singha-2009,0.800000011920929
l110-s2-singha-2008,l111-s5-singha-2009,0.800000011920929
l110-s2-singha-2008,l111-s6-singha-2009,0.800000011920929
l110-s2-singha-2008,l111-s7-singha-2009,0.800000011920929
l110-s4-singha-2008,l111-s1-singha-2009,0.800000011920929
l110-s4-singha-2008,l111-s2-singha-2009,0.800000011920929
l110-s4-singha-2008,l111-s5-singha-2009,0.800000011920929
l110-s4-singha-2008,l111-s6-singha-2009,0.800000011920929
l110-s4-singha-2008,l111-s7-singha-2009,0.800000011920929
l110-s5-singha-2008,l111-s1-singha-2009,0.800000011920929
l110-s5-singha-2008,l111-s2-singha-2009,0.800000011920929
l110-s5-singha-2008,l111-s5-singha-2009,0.800000011920929
l110-s5-singha-2008,l111-s6-singha-2009,0.800000011920929
l110-s5-singha-2008,l111-s7-singha-2009,0.800000011920929
l110-s7-singha-2008,l111-s1-singha-2009,0.800000011920929
l110-s7-singha-2008,l111-s2-singha-2009,0.800000011920929
l110-s7-singha-2008,l111-s3-singha-2009,0.800000011920929
l110-s7-singha-2008,l111-s4-singha-2009,0.800000011920929
l110-s7-singha-2008,l111-s5-singha-2009,0.800000011920929
l110-s7-singha-2008,l111-s6-singha-2009,0.800000011920929
l110-s7-singha-2008,l111-s7-singha-2009,0.800000011920929
l110-s8-singha-2008,l111-s1-singha-2009,0.800000011920929
l110-s8-singha-2008,l111-s5-singha-2009,0.800000011920929
l110-s8-singha-2008,l111-s6-singha-2009,0.800000011920929
l110-s8-singha-2008,l111-s7-singha-2009,0.800000011920929
l110-s9-singha-2008,l111-s1-singha-2009,0.800000011920929
l110-s9-singha-2008,l111-s5-singha-2009,0.800000011920929
l110-s9-singha-2008,l111-s6-singha-2009,0.800000011920929
l110-s9-singha-2008,l111-s7-singha-2009,0.800000011920929
l111-s2-singha-2009,l110-s10-singha-2008,0.800000011920929
l111-s2-singha-2009,l110-s2-singha-2008,0.800000011920929
l111-s2-singha-2009,l110-s8-singha-2008,0.800000011920929
l111-s2-singha-2009,l110-s9-singha-2008,0.800000011920929
l111-s3-singha-2009,l110-s10-singha-2008,0.800000011920929
l111-s3-singha-2009,l110-s14-singha-2008,0.800000011920929
l111-s3-singha-2009,l110-s2-singha-2008,0.800000011920929
l111-s3-singha-2009,l110-s4-singha-2008,0.800000011920929
l111-s3-singha-2009,l110-s5-singha-2008,0.800000011920929
l111-s3-singha-2009,l110-s8-singha-2008,0.800000011920929
l111-s3-singha-2009,l110-s9-singha-2008,0.800000011920929
l111-s4-singha-2009,l110-s10-singha-2008,0.800000011920929
l111-s4-singha-2009,l110-s14-singha-2008,0.800000011920929
l111-s4-singha-2009,l110-s2-singha-2008,0.800000011920929
l111-s4-singha-2009,l110-s4-singha-2008,0.800000011920929
l111-s4-singha-2009,l110-s5-singha-2008,0.800000011920929
l111-s4-singha-2009,l110-s8-singha-2008,0.800000011920929
l111-s4-singha-2009,l110-s9-singha-2008,0.800000011920929
l174-s12-ramanathan-2008,l242-s1-narayanan-2006,0.800000011920929
l174-s12-ramanathan-2008,l242-s2-narayanan-2006,0.800000011920929
l174-s12-ramanathan-2008,l242-s8-narayanan-2006,0.800000011920929
l174-s19-ramanathan-2008,l242-s1-narayanan-2006,0.800000011920929
l174-s19-ramanathan-2008,l242-s2-narayanan-2006,0.800000011920929
l174-s19-ramanathan-2008,l242-s8-narayanan-2006,0.800000011920929
l174-s22-ramanathan-2008,l242-s1-narayanan-2006,0.800000011920929
l174-s22-ramanathan-2008,l242-s2-narayanan-2006,0.800000011920929
l174-s22-ramanathan-2008,l242-s7-narayanan-2006,0.800000011920929
l174-s22-ramanathan-2008,l242-s8-narayanan-2006,0.800000011920929
l174-s23-ramanathan-2008,l242-s1-narayanan-2006,0.800000011920929
l174-s23-ramanathan-2008,l242-s2-narayanan-2006,0.800000011920929
l174-s23-ramanathan-2008,l242-s7-narayanan-2006,0.800000011920929
l174-s23-ramanathan-2008,l242-s8-narayanan-2006,0.800000011920929
l242-s4-narayanan-2006,l174-s12-ramanathan-2008,0.800000011920929
l242-s4-narayanan-2006,l174-s19-ramanathan-2008,0.800000011920929
l242-s4-narayanan-2006,l174-s22-ramanathan-2008,0.800000011920929
l242-s4-narayanan-2006,l174-s23-ramanathan-2008,0.800000011920929
l242-s6-narayanan-2006,l174-s12-ramanathan-2008,0.800000011920929
l242-s6-narayanan-2006,l174-s19-ramanathan-2008,0.800000011920929
l242-s6-narayanan-2006,l174-s22-ramanathan-2008,0.800000011920929
l242-s6-narayanan-2006,l174-s23-ramanathan-2008,0.800000011920929
l242-s7-narayanan-2006,l174-s12-ramanathan-2008,0.800000011920929
l242-s7-narayanan-2006,l174-s19-ramanathan-2008,0.800000011920929
l316-s1-chandrasekaran-2013,l318-s2-patsidis-2014,0.800000011920929
l316-s1-chandrasekaran-2013,l318-s5-patsidis-2014,0.800000011920929
l316-s10-chandrasekaran-2013,l325-s2-manafi-2015,0.800000011920929
l316-s10-chandrasekaran-2013,l325-s4-manafi-2015,0.800000011920929
l316-s3-chandrasekaran-2013,l318-s2-patsidis-2014,0.800000011920929
l316-s3-chandrasekaran-2013,l318-s4-patsidis-2014,0.800000011920929
l316-s3-chandrasekaran-2013,l318-s5-patsidis-2014,0.800000011920929
l316-s5-chandrasekaran-2013,l318-s2-patsidis-2014,0.800000011920929
l316-s5-chandrasekaran-2013,l318-s4-patsidis-2014,0.800000011920929
l316-s5-chandrasekaran-2013,l318-s5-patsidis-2014,0.800000011920929
l316-s6-chandrasekaran-2013,l318-s2-patsidis-2014,0.800000011920929
l316-s6-chandrasekaran-2013,l318-s5-patsidis-2014,0.800000011920929
l316-s7-chandrasekaran-2013,l325-s2-manafi-2015,0.800000011920929
l316-s7-chandrasekaran-2013,l325-s4-manafi-2015,0.800000011920929
l316-s9-chandrasekaran-2013,l325-s4-manafi-2015,0.800000011920929
l318-s3-patsidis-2014,l316-s1-chandrasekaran-2013,0.800000011920929
l318-s3-patsidis-2014,l316-s3-chandrasekaran-2013,0.800000011920929
l318-s3-patsidis-2014,l316-s5-chandrasekaran-2013,0.800000011920929
l318-s3-patsidis-2014,l316-s6-chandrasekaran-2013,0.800000011920929
l318-s4-patsidis-2014,l316-s1-chandrasekaran-2013,0.800000011920929
l318-s4-patsidis-2014,l316-s6-chandrasekaran-2013,0.800000011920929
l325-s2-manafi-2015,l316-s8-chandrasekaran-2013,0.800000011920929
l325-s2-manafi-2015,l316-s9-chandrasekaran-2013,0.800000011920929
l325-s3-manafi-2015,l316-s10-chandrasekaran-2013,0.800000011920929
l325-s3-manafi-2015,l316-s7-chandrasekaran-2013,0.800000011920929
l325-s3-manafi-2015,l316-s8-chandrasekaran-2013,0.800000011920929
l325-s3-manafi-2015,l316-s9-chandrasekaran-2013,0.800000011920929
l325-s4-manafi-2015,l316-s8-chandrasekaran-2013,0.800000011920929
l325-s5-manafi-2015,l316-s10-chandrasekaran-2013,0.800000011920929
l325-s5-manafi-2015,l316-s7-chandrasekaran-2013,0.800000011920929
l325-s5-manafi-2015,l316-s8-chandrasekaran-2013,0.800000011920929
l325-s5-manafi-2015,l316-s9-chandrasekaran-2013,0.800000011920929
