record_id,paper_group,method_id,process_method,display_label,view,cluster,pcoa1,pcoa2
e116-s21-prasad-2018,article:e116,M1,Solution Processing,Solution processing,method_blind_process,1,0.1924741450531741,-0.14778375923151987
l225-s8-ma-2007,article:l225,M3,In-Situ Polymerization,In-situ polymerization,method_blind_process,1,-0.0931606948973182,0.24408397031994641
l182-s7-hoepfner-2017,article:l182,M3,In-Situ Polymerization,In-situ polymerization,method_blind_process,1,0.11339692405123387,0.24471635342493303
l254-s7-castillo-2011,article:l254,M2,Melt Mixing,Melt mixing,method_blind_process,1,0.012575020636797513,0.163149299008694
l171-s15-rittigstein-2006,article:l171,M1,Solution Processing,Solution processing,method_blind_process,1,0.17947732990237764,-0.13762205020377363
l320-s2-wang-2014,article:l320,M1,Solution Processing,Solution processing,method_blind_process,1,-0.10326198525646955,0.38158470625072227
l324-s5-zhu-2017,article:l324,M2,Melt Mixing,Melt mixing,method_blind_process,1,0.12203971033025449,-0.2360074920642444
l174-s6-ramanathan-2008,article:l174,M1,Solution Processing,Solution processing,method_blind_process,1,-0.2987038584384286,-0.0732101556881536
l225-s1-ma-2007,article:l225,M3,In-Situ Polymerization,In-situ polymerization,method_blind_process,1,-0.22627636459884634,0.0962233662231718
l196-s4-petersson-2006,article:l196,M1,Solution Processing,Solution processing,method_blind_process,1,0.05114229515970805,0.15015801237633347
l385-s3-bailey-2019,article:l385,M1,Solution Processing,Solution processing,method_blind_process,1,0.2605144431363777,0.002727027837406477
l308-s4-demetrio-2013,article:l308,M3,In-Situ Polymerization,In-situ polymerization,method_blind_process,1,-0.08618342141981157,-0.10072286089515592
l240-s6-hong-2005,article:l240,M2,Melt Mixing,Melt mixing,method_blind_process,1,-0.30263519079657303,0.21459859843346665
l262-s5-oyarzabal-2016,article:l262,M2,Melt Mixing,Melt mixing,method_blind_process,1,-0.29115069009420164,-0.28899812871283276
l378-s1-sotta-2017,article:l378,M1,Solution Processing,Solution processing,method_blind_process,1,-0.3478007881893109,-0.1286527828707749
l110-s7-singha-2008,article:l110,M2,Melt Mixing,Melt mixing,method_blind_process,1,0.11514358544361726,-0.12634953865253717
l238-s3-zhao-2008,article:l238,M1,Solution Processing,Solution processing,method_blind_process,1,0.17036541479180833,0.2838873891828694
l242-s4-narayanan-2006,article:l242,M1,Solution Processing,Solution processing,method_blind_process,1,-0.35914342633469726,-0.13160838551347653
l140-s9-gao-2012,article:l140,M2,Melt Mixing,Melt mixing,method_blind_process,1,0.07753961865867055,-0.21299576187439942
l210-s4-zhang-2014,article:l210,M2,Melt Mixing,Melt mixing,method_blind_process,1,0.12447915380136666,-0.23080728477038492
l380-s1-zhao-2017,article:l380,M2,Melt Mixing,Melt mixing,method_blind_process,1,-0.3772297975037466,-0.1597849745088013
l386-s54-jimenez-2019,article:l386,M1,Solution Processing,Solution processing,method_blind_process,1,0.18641297896800402,0.09514639057918206
l121-s8-nelson-2005,article:l121,M1,Solution Processing,Solution processing,method_blind_process,1,0.20202052824543276,0.1386240398683534
l379-s8-liu-2017,article:l379,M1,Solution Processing,Solution processing,method_blind_process,1,0.06028982845555528,0.01971654945342881
l211-s17-ash-2004,article:l211,M3,In-Situ Polymerization,In-situ polymerization,method_blind_process,1,-0.08171131841670146,0.34370471304751693
l396-s6-ghosh-2013,article:l396,M3,In-Situ Polymerization,In-situ polymerization,method_blind_process,1,-0.005964350088190025,0.33614116629101465
l111-s3-singha-2009,article:l111,M2,Melt Mixing,Melt mixing,method_blind_process,1,0.2532202936460622,-0.06146606830944179
l211-s15-ash-2004,article:l211,M3,In-Situ Polymerization,In-situ polymerization,method_blind_process,1,-0.08171131841670147,0.343704713047517
l313-s2-huang-2014,article:l313,M2,Melt Mixing,Melt mixing,method_blind_process,1,0.13909127088015044,-0.29014138825449726
l290-s24-si-2006,article:l290,M2,Melt Mixing,Melt mixing,method_blind_process,1,-0.3231672230439212,-0.1019372074107577
l229-s2-bao-2011,article:l229,M3,In-Situ Polymerization,In-situ polymerization,method_blind_process,1,-0.11511164254579867,0.39485596976594867
l203-s17-ma-2009,article:l203,M1,Solution Processing,Solution processing,method_blind_process,1,0.1934115060163012,0.2946443295479635
l383-s1-sadeghi-2017,article:l383,M2,Melt Mixing,Melt mixing,method_blind_process,1,-0.37384965090278044,-0.15236528789990617
l309-s4-torki-2010,article:l309,M2,Melt Mixing,Melt mixing,method_blind_process,1,-0.304651982055501,-0.29426109982600446
l142-s2-gao-2014,article:l142,M1,Solution Processing,Solution processing,method_blind_process,1,0.16282709603399834,0.2282907112895263
l177-s2-yang-2013,article:l177,M1,Solution Processing,Solution processing,method_blind_process,1,-0.3668194462837431,-0.12264176246810586
l274-s3-goh-2003,article:l274,M2,Melt Mixing,Melt mixing,method_blind_process,1,-0.20912622762112232,0.053469651750040495
l221-s8-dai-2008,article:l221,M3,In-Situ Polymerization,In-situ polymerization,method_blind_process,1,-0.2344105583968455,-0.22118885056235876
l191-s3-xie-2004,article:l191,M3,In-Situ Polymerization,In-situ polymerization,method_blind_process,1,-0.15984828621146777,-0.17260453411984475
l275-s1-zhou-2006,article:l275,M2,Melt Mixing,Melt mixing,method_blind_process,1,-0.19651520384259918,0.4025051197480806
l382-s1-huang-2019,article:l382,M1,Solution Processing,Solution processing,method_blind_process,1,-0.08304287840924432,-0.10669767881334007
l258-s4-du-2004,article:l258,M1,Solution Processing,Solution processing,method_blind_process,1,-0.2868805639176515,0.24830257515514728
l200-s4-schoch-2008,article:l200,M1,Solution Processing,Solution processing,method_blind_process,1,-0.2361730642011733,-0.035301649315984875
l325-s5-manafi-2015,article:l325,M1,Solution Processing,Solution processing,method_blind_process,1,0.11551563921528121,0.25048086072802545
l180-s3-maillard-2012,article:l180,M1,Solution Processing,Solution processing,method_blind_process,1,-0.23042482693414415,0.10379920610085858
l310-s5-chatterjee-2007,article:l310,M2,Melt Mixing,Melt mixing,method_blind_process,1,-0.2042762126537414,0.13822234409741813
l413-s3-botta-2018,article:l413,M2,Melt Mixing,Melt mixing,method_blind_process,1,0.3519797551203612,-0.13372764057529563
l375-s4-rishi-2018,article:l375,M2,Melt Mixing,Melt mixing,method_blind_process,1,-0.3779957746508193,-0.155608252810576
l252-s3-ameli-2014,article:l252,M2,Melt Mixing,Melt mixing,method_blind_process,1,-0.15910344922252137,-0.1227055803524218
l154-s3-eitan-2005,article:l154,M1,Solution Processing,Solution processing,method_blind_process,1,0.23833231269674068,-0.004849753420617015
l376-s6-carroll-2017,article:l376,M1,Solution Processing,Solution processing,method_blind_process,1,0.3078548921634204,-0.013109785008455391
l111-s4-singha-2009,article:l111,M2,Melt Mixing,Melt mixing,method_blind_process,1,0.2532201771701056,-0.06146352395667511
l179-s5-ramanathan-2007,article:l179,M1,Solution Processing,Solution processing,method_blind_process,1,0.15009380988672177,-0.15062282203820643
l221-s4-dai-2008,article:l221,M3,In-Situ Polymerization,In-situ polymerization,method_blind_process,1,-0.23441055839684544,-0.2211888505623588
l208-s5-li-2012,article:l208,M2,Melt Mixing,Melt mixing,method_blind_process,1,0.10053365470625307,-0.2976038703518858
l209-s7-ash-2001,article:l209,M3,In-Situ Polymerization,In-situ polymerization,method_blind_process,1,0.4607738758368483,-0.13583416516732189
l136-s5-vescovo-2010,article:l136,M1,Solution Processing,Solution processing,method_blind_process,1,0.05548878729501128,-0.14562874901968656
l259-s2-chen-2017,article:l259,M3,In-Situ Polymerization,In-situ polymerization,method_blind_process,1,-0.1319603062692326,0.15632984389932808
l314-s4-diezpascual-2011,article:l314,M1,Solution Processing,Solution processing,method_blind_process,1,0.08433181003053984,-0.13227849423853358
l282-s3-cui-2008,article:l282,M3,In-Situ Polymerization,In-situ polymerization,method_blind_process,1,0.19975140677365472,-0.03492596454375177
l118-s1-fidelus-2005,article:l118,M2,Melt Mixing,Melt mixing,method_blind_process,1,0.1750935950842535,0.12202274758401405
l278-s2-choi-2001,article:l278,M3,In-Situ Polymerization,In-situ polymerization,method_blind_process,1,0.20150664700046686,-0.13317425707053981
l146-s4-tao-2011,article:l146,M3,In-Situ Polymerization,In-situ polymerization,method_blind_process,2,0.1823915142073439,-0.08506273652365248
l132-s4-holt-2014,article:l132,M1,Solution Processing,Solution processing,method_blind_process,1,0.26376049154612,-0.13826928266331365
l137-s8-yang-2014,article:l137,M1,Solution Processing,Solution processing,method_blind_process,1,0.1533657225244676,-0.012682814663778467
l271-s15-sun-2004,article:l271,M1,Solution Processing,Solution processing,method_blind_process,1,-0.37127311406739355,-0.12530638626716156
l266-s8-kalaitzidou-2007,article:l266,M2,Melt Mixing,Melt mixing,method_blind_process,1,-0.1648947370898419,-0.1201214288414531
l261-s2-wang-2016,article:l261,M1,Solution Processing,Solution processing,method_blind_process,1,-0.00912789798141022,0.2087286217663277
l377-s4-wanasekara-2017,article:l377,M1,Solution Processing,Solution processing,method_blind_process,1,0.06784562834513944,-0.13841703980170372
l318-s3-patsidis-2014,article:l318,M2,Melt Mixing,Melt mixing,method_blind_process,1,-0.19822192055712978,0.3453979396539856
l375-s1-rishi-2018,article:l375,M2,Melt Mixing,Melt mixing,method_blind_process,1,-0.3777759847529705,-0.15535954609253197
l146-s3-tao-2011,article:l146,M3,In-Situ Polymerization,In-situ polymerization,method_blind_process,2,0.182391514207344,-0.08506273652365251
l304-s3-stockelhuber-2011,article:l304,M2,Melt Mixing,Melt mixing,method_blind_process,1,-0.31820829586181526,0.2067122070842015
l229-s7-bao-2011,article:l229,M3,In-Situ Polymerization,In-situ polymerization,method_blind_process,1,-0.1151116425457986,0.39485596976594867
l316-s3-chandrasekaran-2013,article:l316,M2,Melt Mixing,Melt mixing,method_blind_process,1,-0.16460931622726818,0.3922671341573584
l120-s11-murugaraj-2005,article:l120,M3,In-Situ Polymerization,In-situ polymerization,method_blind_process,1,0.5171802382257119,-0.14181068880023529
l297-s1-shen-2004,article:l297,M3,In-Situ Polymerization,In-situ polymerization,method_blind_process,1,0.09409493794783345,0.1942357930143168
l267-s3-kim-2006,article:l267,M1,Solution Processing,Solution processing,method_blind_process,1,-0.23894364514520416,0.3350674787785293
l279-s1-motaung-2012,article:l279,M2,Melt Mixing,Melt mixing,method_blind_process,1,-0.3089412202963911,-0.29774356932944746
l302-s3-bandyopadhyay-2005,article:l302,M1,Solution Processing,Solution processing,method_blind_process,1,0.025934971306151553,-0.1106291852002741
l396-s4-ghosh-2013,article:l396,M3,In-Situ Polymerization,In-situ polymerization,method_blind_process,1,-0.005964350088189996,0.3361411662910148
l297-s2-shen-2004,article:l297,M3,In-Situ Polymerization,In-situ polymerization,method_blind_process,1,0.09409493794783348,0.19423579301431687
l287-s3-jang-2008,article:l287,M3,In-Situ Polymerization,In-situ polymerization,method_blind_process,1,0.26379971197957125,0.2639671789698437
l129-s12-wu-2011,article:l129,M1,Solution Processing,Solution processing,method_blind_process,1,-0.30867548429833674,-0.09003119930413961
l191-s2-xie-2004,article:l191,M3,In-Situ Polymerization,In-situ polymerization,method_blind_process,1,-0.1598482862114677,-0.17260453411984475
l209-s12-ash-2001,article:l209,M3,In-Situ Polymerization,In-situ polymerization,method_blind_process,1,0.46077387583684837,-0.13583416516732197
l397-s1-tuncer-2007,article:l397,M1,Solution Processing,Solution processing,method_blind_process,1,0.20835981550777966,0.045999691669048784
l102-s8-hu-2007,article:l102,M2,Melt Mixing,Melt mixing,method_blind_process,1,-0.3117139716836915,-0.2924036248247698
l294-s4-sarwar-2007,article:l294,M3,In-Situ Polymerization,In-situ polymerization,method_blind_process,1,0.25397060464913396,0.04800796274227242
l278-s1-choi-2001,article:l278,M3,In-Situ Polymerization,In-situ polymerization,method_blind_process,1,0.20150664700046692,-0.13317425707053984
l287-s4-jang-2008,article:l287,M3,In-Situ Polymerization,In-situ polymerization,method_blind_process,1,0.2637997119795712,0.26396717896984373
l217-s6-ash-2002,article:l217,M1,Solution Processing,Solution processing,method_blind_process,1,0.09091958288884015,0.26578249489800293
l316-s5-chandrasekaran-2013,article:l316,M2,Melt Mixing,Melt mixing,method_blind_process,1,-0.16460931622726818,0.3922671341573584
e108-s10-huang-2016,article:e108,M1,Solution Processing,Solution processing,method_blind_process,1,0.1377541803432217,-0.19897361151052181
l212-s5-ghanbari-2012,article:l212,M2,Melt Mixing,Melt mixing,method_blind_process,1,0.3265617783460828,-0.24494516552503665
l324-s6-zhu-2017,article:l324,M2,Melt Mixing,Melt mixing,method_blind_process,1,0.12203971033025446,-0.23600749206424457
l316-s10-chandrasekaran-2013,article:l316,M1,Solution Processing,Solution processing,method_blind_process,1,-0.12660083031091288,0.4010398311508071
l388-s1-benes-2018,article:l388,M1,Solution Processing,Solution processing,method_blind_process,1,-0.004052653237276899,0.21322977001150342
l318-s4-patsidis-2014,article:l318,M2,Melt Mixing,Melt mixing,method_blind_process,1,-0.19822192055712975,0.3453979396539855
l285-s3-pham-2012,article:l285,M3,In-Situ Polymerization,In-situ polymerization,method_blind_process,3,-0.032201969113718934,-0.31896023664265183
l285-s1-pham-2012,article:l285,M3,In-Situ Polymerization,In-situ polymerization,method_blind_process,3,-0.03220196911371899,-0.3189602366426518
l276-s3-huang-2009,article:l276,M2,Melt Mixing,Melt mixing,method_blind_process,1,0.43706181307367337,-0.13012179943589297
l255-s9-logakis-2009,article:l255,M2,Melt Mixing,Melt mixing,method_blind_process,1,-0.3405975098673799,-0.13471949508328604
l260-s2-haggenmueller-2006,article:l260,M3,In-Situ Polymerization,In-situ polymerization,method_blind_process,1,-0.0931648666332039,-0.09699537596679066
l287-s2-jang-2008,article:l287,M3,In-Situ Polymerization,In-situ polymerization,method_blind_process,1,0.26379971197957114,0.2639671789698438
l282-s2-cui-2008,article:l282,M3,In-Situ Polymerization,In-situ polymerization,method_blind_process,1,0.19975140677365458,-0.0349259645437518
l308-s3-demetrio-2013,article:l308,M3,In-Situ Polymerization,In-situ polymerization,method_blind_process,1,-0.08618342141981165,-0.10072286089515593
l259-s3-chen-2017,article:l259,M3,In-Situ Polymerization,In-situ polymerization,method_blind_process,1,-0.1319603062692327,0.15632984389932808
l260-s5-haggenmueller-2006,article:l260,M3,In-Situ Polymerization,In-situ polymerization,method_blind_process,1,-0.09316486663320389,-0.09699537596679074
l392-s1-wang-2020,article:l392,M1,Solution Processing,Solution processing,method_blind_process,1,0.2982136612585061,0.36680158110799416
e410-s2-prasad-2021,article:e410,M2,Melt Mixing,Melt mixing,method_blind_process,1,0.16627123117882153,-0.14045720328366718
l276-s4-huang-2009,article:l276,M2,Melt Mixing,Melt mixing,method_blind_process,1,0.43706181307367326,-0.13012179943589305
l289-s1-motaung-2012,article:l289,M2,Melt Mixing,Melt mixing,method_blind_process,1,-0.3089824087253846,-0.2974038025872267
l294-s6-sarwar-2007,article:l294,M3,In-Situ Polymerization,In-situ polymerization,method_blind_process,1,0.25397060464913374,0.048007962742272446
e139-s6-hassinger-2016,article:e139,M1,Solution Processing,Solution processing,method_blind_process,1,0.1516848880616202,-0.13927606105425902
l306-s2-jiang-2008,article:l306,M3,In-Situ Polymerization,In-situ polymerization,method_blind_process,1,-0.20803860360241605,-0.2643539015645392
e408-s24-prasad-2021,article:e408,M2,Melt Mixing,Melt mixing,method_blind_process,1,0.16258748413513738,-0.13968492478727065
l236-s9-fukushima-2012,article:l236,M2,Melt Mixing,Melt mixing,method_blind_process,1,-0.1449957615896368,-0.19332400384816875
l306-s3-jiang-2008,article:l306,M3,In-Situ Polymerization,In-situ polymerization,method_blind_process,1,-0.20803860360241608,-0.2643539015645393
l120-s2-murugaraj-2005,article:l120,M3,In-Situ Polymerization,In-situ polymerization,method_blind_process,1,0.5171802382257116,-0.14181068880023512
e116-s21-prasad-2018,article:e116,M1,Solution Processing,Solution processing,method_aware_process,1,-0.059807240795286,-0.30571964994299167
l225-s8-ma-2007,article:l225,M3,In-Situ Polymerization,In-situ polymerization,method_aware_process,2,0.27500315023348626,0.18480826189586885
l182-s7-hoepfner-2017,article:l182,M3,In-Situ Polymerization,In-situ polymerization,method_aware_process,2,0.30434372748902194,0.10006415203297046
l254-s7-castillo-2011,article:l254,M2,Melt Mixing,Melt mixing,method_aware_process,3,-0.2806042980061722,0.08590728184477842
l171-s15-rittigstein-2006,article:l171,M1,Solution Processing,Solution processing,method_aware_process,1,0.035171566006561565,-0.33459568901743236
l320-s2-wang-2014,article:l320,M1,Solution Processing,Solution processing,method_aware_process,1,0.05007042692862651,-0.3541743168774733
l324-s5-zhu-2017,article:l324,M2,Melt Mixing,Melt mixing,method_aware_process,3,-0.27658645586177294,0.1892416101960687
l174-s6-ramanathan-2008,article:l174,M1,Solution Processing,Solution processing,method_aware_process,1,-0.0775516039671524,-0.31742379007384247
l225-s1-ma-2007,article:l225,M3,In-Situ Polymerization,In-situ polymerization,method_aware_process,2,0.20263443077439636,0.2323775612590814
l196-s4-petersson-2006,article:l196,M1,Solution Processing,Solution processing,method_aware_process,1,0.030249566371283152,-0.2805567282694656
l385-s3-bailey-2019,article:l385,M1,Solution Processing,Solution processing,method_aware_process,1,0.11224725477356108,-0.36764062555575994
l308-s4-demetrio-2013,article:l308,M3,In-Situ Polymerization,In-situ polymerization,method_aware_process,2,0.3001959227760823,0.13536381134492517
l240-s6-hong-2005,article:l240,M2,Melt Mixing,Melt mixing,method_aware_process,3,-0.3475410363316731,0.08394125746401514
l262-s5-oyarzabal-2016,article:l262,M2,Melt Mixing,Melt mixing,method_aware_process,3,-0.38011426715051105,0.23868378302066315
l378-s1-sotta-2017,article:l378,M1,Solution Processing,Solution processing,method_aware_process,1,-0.13186198934548735,-0.3289780822387303
l110-s7-singha-2008,article:l110,M2,Melt Mixing,Melt mixing,method_aware_process,3,-0.2240145446732212,0.16426821715474857
l238-s3-zhao-2008,article:l238,M1,Solution Processing,Solution processing,method_aware_process,1,0.09733473366922064,-0.35823168772471964
l242-s4-narayanan-2006,article:l242,M1,Solution Processing,Solution processing,method_aware_process,1,-0.1442247857348914,-0.3377064577022937
l140-s9-gao-2012,article:l140,M2,Melt Mixing,Melt mixing,method_aware_process,3,-0.28471827300174024,0.19402306118553433
l210-s4-zhang-2014,article:l210,M2,Melt Mixing,Melt mixing,method_aware_process,3,-0.3210334071512956,0.18816773000745032
l380-s1-zhao-2017,article:l380,M2,Melt Mixing,Melt mixing,method_aware_process,3,-0.40887766844110346,0.08894443091673365
l386-s54-jimenez-2019,article:l386,M1,Solution Processing,Solution processing,method_aware_process,1,0.07628059672557247,-0.30235563437036567
l121-s8-nelson-2005,article:l121,M1,Solution Processing,Solution processing,method_aware_process,1,0.06779109325991198,-0.2921863803151175
l379-s8-liu-2017,article:l379,M1,Solution Processing,Solution processing,method_aware_process,1,0.07752878048499902,-0.37650939370998293
l211-s17-ash-2004,article:l211,M3,In-Situ Polymerization,In-situ polymerization,method_aware_process,2,0.3245629796839882,0.09912362982915264
l396-s6-ghosh-2013,article:l396,M3,In-Situ Polymerization,In-situ polymerization,method_aware_process,2,0.31302864954725623,0.14795840297606774
l111-s3-singha-2009,article:l111,M2,Melt Mixing,Melt mixing,method_aware_process,3,-0.2230471628033102,0.13814600225178902
l211-s15-ash-2004,article:l211,M3,In-Situ Polymerization,In-situ polymerization,method_aware_process,2,0.3245629796839882,0.09912362982915268
l313-s2-huang-2014,article:l313,M2,Melt Mixing,Melt mixing,method_aware_process,3,-0.3058172011320554,0.18412426884133423
l290-s24-si-2006,article:l290,M2,Melt Mixing,Melt mixing,method_aware_process,3,-0.3584092284403483,0.0967119253776233
l229-s2-bao-2011,article:l229,M3,In-Situ Polymerization,In-situ polymerization,method_aware_process,2,0.30585027045893554,0.10454085000759236
l203-s17-ma-2009,article:l203,M1,Solution Processing,Solution processing,method_aware_process,1,0.09827285313488453,-0.3561189790074272
l383-s1-sadeghi-2017,article:l383,M2,Melt Mixing,Melt mixing,method_aware_process,3,-0.4078479372710866,0.08476962202760886
l309-s4-torki-2010,article:l309,M2,Melt Mixing,Melt mixing,method_aware_process,3,-0.3741093209071579,0.2365829533488993
l142-s2-gao-2014,article:l142,M1,Solution Processing,Solution processing,method_aware_process,1,0.08349360094522125,-0.33632703523986485
l177-s2-yang-2013,article:l177,M1,Solution Processing,Solution processing,method_aware_process,1,-0.13339313955868276,-0.3343693156776828
l274-s3-goh-2003,article:l274,M2,Melt Mixing,Melt mixing,method_aware_process,3,-0.3168925145241214,0.1976692128853838
l221-s8-dai-2008,article:l221,M3,In-Situ Polymerization,In-situ polymerization,method_aware_process,2,0.1637746126308533,0.2617587914871643
l191-s3-xie-2004,article:l191,M3,In-Situ Polymerization,In-situ polymerization,method_aware_process,2,0.21846203849411758,0.2619327562011508
l275-s1-zhou-2006,article:l275,M2,Melt Mixing,Melt mixing,method_aware_process,3,-0.2750240129537208,0.06617856517995131
l382-s1-huang-2019,article:l382,M1,Solution Processing,Solution processing,method_aware_process,1,0.05292653504674586,-0.32855560714014365
l258-s4-du-2004,article:l258,M1,Solution Processing,Solution processing,method_aware_process,1,-0.05570874440973962,-0.3520055308998015
l200-s4-schoch-2008,article:l200,M1,Solution Processing,Solution processing,method_aware_process,1,-0.030173751750245507,-0.3016192779507214
l325-s5-manafi-2015,article:l325,M1,Solution Processing,Solution processing,method_aware_process,1,0.09073522405977384,-0.32706945077231275
l180-s3-maillard-2012,article:l180,M1,Solution Processing,Solution processing,method_aware_process,2,-0.05183712469742262,-0.23332676799788954
l310-s5-chatterjee-2007,article:l310,M2,Melt Mixing,Melt mixing,method_aware_process,3,-0.27431789986238797,0.14617872982669525
l413-s3-botta-2018,article:l413,M2,Melt Mixing,Melt mixing,method_aware_process,3,-0.30312059920984136,0.17453424720823685
l375-s4-rishi-2018,article:l375,M2,Melt Mixing,Melt mixing,method_aware_process,3,-0.40757320444444617,0.0856077282060368
l252-s3-ameli-2014,article:l252,M2,Melt Mixing,Melt mixing,method_aware_process,3,-0.3742211323988476,0.14484659932864077
l154-s3-eitan-2005,article:l154,M1,Solution Processing,Solution processing,method_aware_process,1,0.05556180635547903,-0.33440336870343934
l376-s6-carroll-2017,article:l376,M1,Solution Processing,Solution processing,method_aware_process,1,0.10816381897227917,-0.34939663227512724
l111-s4-singha-2009,article:l111,M2,Melt Mixing,Melt mixing,method_aware_process,3,-0.22304517228442441,0.13814589339835343
l179-s5-ramanathan-2007,article:l179,M1,Solution Processing,Solution processing,method_aware_process,1,0.019907002608618777,-0.23579654707333625
l221-s4-dai-2008,article:l221,M3,In-Situ Polymerization,In-situ polymerization,method_aware_process,2,0.16377461263085324,0.26175879148716424
l208-s5-li-2012,article:l208,M2,Melt Mixing,Melt mixing,method_aware_process,3,-0.301568509954066,0.19378327217687893
l209-s7-ash-2001,article:l209,M3,In-Situ Polymerization,In-situ polymerization,method_aware_process,2,0.3541203948889119,0.19988841124481543
l136-s5-vescovo-2010,article:l136,M1,Solution Processing,Solution processing,method_aware_process,1,-0.047023746916026864,-0.33129574915627347
l259-s2-chen-2017,article:l259,M3,In-Situ Polymerization,In-situ polymerization,method_aware_process,2,0.2686483726382672,0.20192088920781656
l314-s4-diezpascual-2011,article:l314,M1,Solution Processing,Solution processing,method_aware_process,1,0.026106387851100237,-0.22937692628679285
l282-s3-cui-2008,article:l282,M3,In-Situ Polymerization,In-situ polymerization,method_aware_process,2,0.2950805226300775,0.1200176865047049
l118-s1-fidelus-2005,article:l118,M2,Melt Mixing,Melt mixing,method_aware_process,3,-0.2159367943041598,0.10663536435389598
l278-s2-choi-2001,article:l278,M3,In-Situ Polymerization,In-situ polymerization,method_aware_process,2,0.3138148964870562,0.1968334281146355
l146-s4-tao-2011,article:l146,M3,In-Situ Polymerization,In-situ polymerization,method_aware_process,2,0.4332146288093254,0.2201672084020108
l132-s4-holt-2014,article:l132,M1,Solution Processing,Solution processing,method_aware_process,1,0.07175007974703304,-0.32256912648224695
l137-s8-yang-2014,article:l137,M1,Solution Processing,Solution processing,method_aware_process,1,0.05768897078671654,-0.31600296955865176
l271-s15-sun-2004,article:l271,M1,Solution Processing,Solution processing,method_aware_process,1,-0.13835811737483567,-0.33150816971024
l266-s8-kalaitzidou-2007,article:l266,M2,Melt Mixing,Melt mixing,method_aware_process,3,-0.368699855930037,0.12920144876663703
l261-s2-wang-2016,article:l261,M1,Solution Processing,Solution processing,method_aware_process,1,0.09056837661586535,-0.2940192466395504
l377-s4-wanasekara-2017,article:l377,M1,Solution Processing,Solution processing,method_aware_process,1,-0.03506488569653521,-0.32959761781404334
l318-s3-patsidis-2014,article:l318,M2,Melt Mixing,Melt mixing,method_aware_process,3,-0.25146008005905174,0.07679697936059043
l375-s1-rishi-2018,article:l375,M2,Melt Mixing,Melt mixing,method_aware_process,3,-0.4077130433070755,0.08533105245655875
l146-s3-tao-2011,article:l146,M3,In-Situ Polymerization,In-situ polymerization,method_aware_process,2,0.4332146288093255,0.220167208402011
l304-s3-stockelhuber-2011,article:l304,M2,Melt Mixing,Melt mixing,method_aware_process,3,-0.33945036656255945,0.07456093369261176
l229-s7-bao-2011,article:l229,M3,In-Situ Polymerization,In-situ polymerization,method_aware_process,2,0.30585027045893565,0.10454085000759249
l316-s3-chandrasekaran-2013,article:l316,M2,Melt Mixing,Melt mixing,method_aware_process,3,-0.2518475254166305,0.07674935327318348
l120-s11-murugaraj-2005,article:l120,M3,In-Situ Polymerization,In-situ polymerization,method_aware_process,2,0.4182521816140816,0.1774736046586391
l297-s1-shen-2004,article:l297,M3,In-Situ Polymerization,In-situ polymerization,method_aware_process,2,0.26628803262456013,0.1083024872969318
l267-s3-kim-2006,article:l267,M1,Solution Processing,Solution processing,method_aware_process,1,-0.03463721932935769,-0.3429813046024892
l279-s1-motaung-2012,article:l279,M2,Melt Mixing,Melt mixing,method_aware_process,3,-0.3765539153114939,0.23586095380277303
l302-s3-bandyopadhyay-2005,article:l302,M1,Solution Processing,Solution processing,method_aware_process,1,0.06129260897037662,-0.2821443852942506
l396-s4-ghosh-2013,article:l396,M3,In-Situ Polymerization,In-situ polymerization,method_aware_process,2,0.3130286495472561,0.1479584029760678
l297-s2-shen-2004,article:l297,M3,In-Situ Polymerization,In-situ polymerization,method_aware_process,2,0.2662880326245601,0.10830248729693179
l287-s3-jang-2008,article:l287,M3,In-Situ Polymerization,In-situ polymerization,method_aware_process,2,0.38916147000100265,0.09626807022811877
l129-s12-wu-2011,article:l129,M1,Solution Processing,Solution processing,method_aware_process,1,-0.07887261138926628,-0.3012047816903327
l191-s2-xie-2004,article:l191,M3,In-Situ Polymerization,In-situ polymerization,method_aware_process,2,0.2184620384941176,0.2619327562011509
l209-s12-ash-2001,article:l209,M3,In-Situ Polymerization,In-situ polymerization,method_aware_process,2,0.3541203948889119,0.19988841124481557
l397-s1-tuncer-2007,article:l397,M1,Solution Processing,Solution processing,method_aware_process,1,0.07834214458637098,-0.3550351119806006
l102-s8-hu-2007,article:l102,M2,Melt Mixing,Melt mixing,method_aware_process,3,-0.38074244358645354,0.2262889459505826
l294-s4-sarwar-2007,article:l294,M3,In-Situ Polymerization,In-situ polymerization,method_aware_process,2,0.3447455470102131,0.1165292147249081
l278-s1-choi-2001,article:l278,M3,In-Situ Polymerization,In-situ polymerization,method_aware_process,2,0.31381489648705624,0.19683342811463556
l287-s4-jang-2008,article:l287,M3,In-Situ Polymerization,In-situ polymerization,method_aware_process,2,0.3891614700010026,0.09626807022811881
l217-s6-ash-2002,article:l217,M1,Solution Processing,Solution processing,method_aware_process,1,0.03418408741054055,-0.3269041771065147
l316-s5-chandrasekaran-2013,article:l316,M2,Melt Mixing,Melt mixing,method_aware_process,3,-0.2518475254166305,0.07674935327318355
e108-s10-huang-2016,article:e108,M1,Solution Processing,Solution processing,method_aware_process,1,0.0036818532761384018,-0.20789089335735392
l212-s5-ghanbari-2012,article:l212,M2,Melt Mixing,Melt mixing,method_aware_process,3,-0.30036376679712534,0.22356881239611515
l324-s6-zhu-2017,article:l324,M2,Melt Mixing,Melt mixing,method_aware_process,3,-0.2765864558617727,0.18924161019606858
l316-s10-chandrasekaran-2013,article:l316,M1,Solution Processing,Solution processing,method_aware_process,1,0.04831536063953418,-0.3365717380912339
l388-s1-benes-2018,article:l388,M1,Solution Processing,Solution processing,method_aware_process,1,0.05406095143335583,-0.3743667883838252
l318-s4-patsidis-2014,article:l318,M2,Melt Mixing,Melt mixing,method_aware_process,3,-0.25146008005905174,0.07679697936059048
l285-s3-pham-2012,article:l285,M3,In-Situ Polymerization,In-situ polymerization,method_aware_process,2,0.2813668012417603,0.37997650818917195
l285-s1-pham-2012,article:l285,M3,In-Situ Polymerization,In-situ polymerization,method_aware_process,2,0.2813668012417602,0.37997650818917184
l276-s3-huang-2009,article:l276,M2,Melt Mixing,Melt mixing,method_aware_process,3,-0.29106142218773084,0.16284954296063614
l255-s9-logakis-2009,article:l255,M2,Melt Mixing,Melt mixing,method_aware_process,3,-0.39338431505036764,0.07434810082375817
l260-s2-haggenmueller-2006,article:l260,M3,In-Situ Polymerization,In-situ polymerization,method_aware_process,2,0.29324601990397536,0.13661379725837833
l287-s2-jang-2008,article:l287,M3,In-Situ Polymerization,In-situ polymerization,method_aware_process,2,0.3891614700010026,0.09626807022811877
l282-s2-cui-2008,article:l282,M3,In-Situ Polymerization,In-situ polymerization,method_aware_process,2,0.29508052263007745,0.120017686504705
l308-s3-demetrio-2013,article:l308,M3,In-Situ Polymerization,In-situ polymerization,method_aware_process,2,0.3001959227760823,0.13536381134492526
l259-s3-chen-2017,article:l259,M3,In-Situ Polymerization,In-situ polymerization,method_aware_process,2,0.26864837263826713,0.2019208892078167
l260-s5-haggenmueller-2006,article:l260,M3,In-Situ Polymerization,In-situ polymerization,method_aware_process,2,0.2932460199039754,0.13661379725837827
l392-s1-wang-2020,article:l392,M1,Solution Processing,Solution processing,method_aware_process,1,0.09510190946062237,-0.3738363156008998
e410-s2-prasad-2021,article:e410,M2,Melt Mixing,Melt mixing,method_aware_process,3,-0.3145762338024101,0.08455916842359407
l276-s4-huang-2009,article:l276,M2,Melt Mixing,Melt mixing,method_aware_process,3,-0.29106142218773084,0.16284954296063617
l289-s1-motaung-2012,article:l289,M2,Melt Mixing,Melt mixing,method_aware_process,3,-0.3764566711740693,0.23596680181700136
l294-s6-sarwar-2007,article:l294,M3,In-Situ Polymerization,In-situ polymerization,method_aware_process,2,0.34474554701021315,0.11652921472490815
e139-s6-hassinger-2016,article:e139,M1,Solution Processing,Solution processing,method_aware_process,3,-0.04198792618151685,-0.3320501050534488
l306-s2-jiang-2008,article:l306,M3,In-Situ Polymerization,In-situ polymerization,method_aware_process,2,0.14671629409341316,0.28115206363274087
e408-s24-prasad-2021,article:e408,M2,Melt Mixing,Melt mixing,method_aware_process,3,-0.3153626684834521,0.08528283630468912
l236-s9-fukushima-2012,article:l236,M2,Melt Mixing,Melt mixing,method_aware_process,3,-0.3254783202385045,0.22316691529025057
l306-s3-jiang-2008,article:l306,M3,In-Situ Polymerization,In-situ polymerization,method_aware_process,2,0.14671629409341316,0.2811520636327409
l120-s2-murugaraj-2005,article:l120,M3,In-Situ Polymerization,In-situ polymerization,method_aware_process,2,0.41825218161408134,0.17747360465863893
