material_profile,process_profile,process_lambda,requested_clusters,ari_optimistic_reported,ari_reported_pessimistic,ari_optimistic_pessimistic
identity_strict,equal,0.0,8,0.03924942006359841,1.0,0.03924942006359841
identity_strict,equal,0.0,12,0.014976181893272296,0.8976247593843059,-0.002253389159043112
identity_strict,equal,0.0,20,0.7034141303504452,0.08505817510306166,0.05309778728001015
identity_strict,equal,0.0,30,0.8701434434496215,0.17993941171577316,0.15250881566088684
identity_strict,equal,0.0,50,0.914510249336182,0.45826714511710687,0.44788786870870567
identity_strict,equal,0.0,80,0.920706983002375,0.43435708469489376,0.41698196210582644
identity_strict,equal,0.25,8,0.07077886079125181,0.23051002522428596,0.020548469675260035
identity_strict,equal,0.25,12,0.5019734100519535,0.7056863606132231,0.4620008741733778
identity_strict,equal,0.25,20,0.8637094339700334,0.49347724438902746,0.527038870626558
identity_strict,equal,0.25,30,0.9305127467645202,0.6988715333747413,0.6591511525982319
identity_strict,equal,0.25,50,0.9893277240623825,0.6962083221935573,0.6908887175927124
identity_strict,equal,0.25,80,0.7780802575295062,0.6268566807374356,0.5589186150990961
identity_strict,equal,0.5,8,0.7049782632218397,0.7848067822624506,0.6343781373521201
identity_strict,equal,0.5,12,0.5971818177565422,0.762652678973671,0.5428556951129582
identity_strict,equal,0.5,20,0.900369795322758,0.7209552712723348,0.7187294819503249
identity_strict,equal,0.5,30,0.910109424343583,0.7489150851962192,0.6879215765812823
identity_strict,equal,0.5,50,0.6515724909651194,0.6838476310370497,0.6276173228812616
identity_strict,equal,0.5,80,0.7252765262461262,0.6982663035319105,0.6263180626712959
identity_strict,equal,0.75,8,0.711024118725839,0.945876937925495,0.706220692855612
identity_strict,equal,0.75,12,0.7156036613960851,0.6093479333724265,0.5137012665012315
identity_strict,equal,0.75,20,0.574750059433602,0.5678171942757331,0.6689796412938241
identity_strict,equal,0.75,30,0.6890916003932614,0.7002620368513006,0.638515196199338
identity_strict,equal,0.75,50,0.7060682096924643,0.7450985014978404,0.778257122461609
identity_strict,equal,0.75,80,0.7968029630669701,0.813003369519063,0.8130222107914262
identity_strict,equal,1.0,8,0.8076658900301033,0.7883925636915157,0.9662442884163911
identity_strict,equal,1.0,12,0.49420488240891175,0.49544380327070087,0.988122654511857
identity_strict,equal,1.0,20,0.746090346272475,0.7552596458930844,0.8234700102727195
identity_strict,equal,1.0,30,0.6808596319797429,0.7124170354485352,0.6356834936174002
identity_strict,equal,1.0,50,0.8382955353560143,0.8699975040784995,0.8368823998640096
identity_strict,equal,1.0,80,0.9110058254296495,0.8462756990216886,0.8132934868494762
identity_strict,method_type,0.0,8,0.03924942006359841,1.0,0.03924942006359841
identity_strict,method_type,0.0,12,0.014976181893272296,0.8976247593843059,-0.002253389159043112
identity_strict,method_type,0.0,20,0.7034141303504452,0.08505817510306166,0.05309778728001015
identity_strict,method_type,0.0,30,0.8701434434496215,0.17993941171577316,0.15250881566088684
identity_strict,method_type,0.0,50,0.914510249336182,0.45826714511710687,0.44788786870870567
identity_strict,method_type,0.0,80,0.920706983002375,0.43435708469489376,0.41698196210582644
identity_strict,method_type,0.25,8,0.8093135327806192,0.7885967072646028,0.6928412665814373
identity_strict,method_type,0.25,12,0.7986503610151328,0.7976556139949991,0.6731424980360721
identity_strict,method_type,0.25,20,0.6760043957015722,0.7964202473832198,0.6695225862256227
identity_strict,method_type,0.25,30,0.9404673137076679,0.7143353033675263,0.6956410826766377
identity_strict,method_type,0.25,50,0.8223336009784642,0.7262035183479333,0.6757226227356945
identity_strict,method_type,0.25,80,0.956541196898127,0.5840640632286465,0.5877434025660796
identity_strict,method_type,0.5,8,0.500434778012424,0.521453137351361,0.9067027473954821
identity_strict,method_type,0.5,12,0.47421900084670954,0.47602372118018565,0.7917525015234391
identity_strict,method_type,0.5,20,0.6902943835761,0.6933006557856259,0.7890511026561504
identity_strict,method_type,0.5,30,0.5819075503816912,0.7150360011068352,0.6857713993854975
identity_strict,method_type,0.5,50,0.8715806684836155,0.8735384097709925,0.8676557149081293
identity_strict,method_type,0.5,80,0.6834264741264316,0.8879875016071097,0.6918633382215977
identity_strict,method_type,0.75,8,0.9746667125448569,0.9706290986815684,0.9782128529938923
identity_strict,method_type,0.75,12,0.798484067485768,0.9650107445037773,0.7764847504445
identity_strict,method_type,0.75,20,0.6194943925133504,0.6025066306222504,0.7474791401759565
identity_strict,method_type,0.75,30,0.7954257104675295,0.7206665849311753,0.8631470983050689
identity_strict,method_type,0.75,50,0.7464331160096026,0.756875683373933,0.8931162538814907
identity_strict,method_type,0.75,80,0.8061734168576004,0.81625659151432,0.9002193148601026
identity_strict,method_type,1.0,8,1.0,1.0,1.0
identity_strict,method_type,1.0,12,0.9966059016614789,0.9966059016614789,1.0
identity_strict,method_type,1.0,20,0.8621335312880913,0.8621335312880913,1.0
identity_strict,method_type,1.0,30,0.9669993400766832,0.962993618946224,0.9960467208725291
identity_strict,method_type,1.0,50,0.9546613760271531,0.9090160116856162,0.9432451574402257
identity_strict,method_type,1.0,80,1.0,1.0,1.0
identity_strict,sequence,0.0,8,0.03924942006359841,1.0,0.03924942006359841
identity_strict,sequence,0.0,12,0.014976181893272296,0.8976247593843059,-0.002253389159043112
identity_strict,sequence,0.0,20,0.7034141303504452,0.08505817510306166,0.05309778728001015
identity_strict,sequence,0.0,30,0.8701434434496215,0.17993941171577316,0.15250881566088684
identity_strict,sequence,0.0,50,0.914510249336182,0.45826714511710687,0.44788786870870567
identity_strict,sequence,0.0,80,0.920706983002375,0.43435708469489376,0.41698196210582644
identity_strict,sequence,0.25,8,0.5199394817138162,0.155009770987934,-0.042789364861863875
identity_strict,sequence,0.25,12,0.5122394336935591,0.7351009710420677,0.3853093915317328
identity_strict,sequence,0.25,20,0.6829051283493452,0.7212916029860958,0.6240910113096181
identity_strict,sequence,0.25,30,0.9330728347301477,0.7006075006472539,0.660486842960089
identity_strict,sequence,0.25,50,0.9875310183833071,0.6966205682227271,0.689659461697566
identity_strict,sequence,0.25,80,0.8634645703003316,0.5917781883052905,0.4936668830393883
identity_strict,sequence,0.5,8,0.5747599249588894,0.6041475799497059,0.5976359391624325
identity_strict,sequence,0.5,12,0.7269917610893605,0.7260677306868074,0.7275705311992942
identity_strict,sequence,0.5,20,0.6529700248202412,0.6856562791422044,0.8342602354121825
identity_strict,sequence,0.5,30,0.6700449282584657,0.6659710102373892,0.8273133375865116
identity_strict,sequence,0.5,50,0.5967254007404095,0.6885316172100537,0.6837079553154186
identity_strict,sequence,0.5,80,0.8026229489042935,0.7225140097014938,0.7460585388353101
identity_strict,sequence,0.75,8,0.07117295596814367,0.06987116296383077,0.1734304762069592
identity_strict,sequence,0.75,12,0.5726714300051597,0.7311652706259723,0.48006727652747294
identity_strict,sequence,0.75,20,0.6406842354221599,0.6615222274755086,0.7013484566357464
identity_strict,sequence,0.75,30,0.8439951522010403,0.7670993509240099,0.8151457989600914
identity_strict,sequence,0.75,50,0.7869979426137738,0.8013946135800386,0.8095560011565627
identity_strict,sequence,0.75,80,0.9142209444186269,0.9333482910029212,0.9406446715715673
identity_strict,sequence,1.0,8,0.1993922467678434,0.7089574395725365,0.35449842221323674
identity_strict,sequence,1.0,12,0.6077464012405853,0.6938105976499059,0.8218586323267018
identity_strict,sequence,1.0,20,0.6215957868638823,0.7391144485220112,0.8104942826885178
identity_strict,sequence,1.0,30,0.7586860953476674,0.8402221654050952,0.8748326856183388
identity_strict,sequence,1.0,50,0.8667738800070612,0.8992184190166282,0.7853096549299781
identity_strict,sequence,1.0,80,0.9772604234890837,0.9273801548045355,0.9229107330094543
identity_strict,settings_all,0.0,8,0.03924942006359841,1.0,0.03924942006359841
identity_strict,settings_all,0.0,12,0.014976181893272296,0.8976247593843059,-0.002253389159043112
identity_strict,settings_all,0.0,20,0.7034141303504452,0.08505817510306166,0.05309778728001015
identity_strict,settings_all,0.0,30,0.8701434434496215,0.17993941171577316,0.15250881566088684
identity_strict,settings_all,0.0,50,0.914510249336182,0.45826714511710687,0.44788786870870567
identity_strict,settings_all,0.0,80,0.920706983002375,0.43435708469489376,0.41698196210582644
identity_strict,settings_all,0.25,8,0.1744177432388511,0.24296888506911996,0.1260655878923261
identity_strict,settings_all,0.25,12,0.7806014054342174,0.25562585461033155,0.10585238175794186
identity_strict,settings_all,0.25,20,0.8945331009764468,0.494380239902159,0.5100450092341671
identity_strict,settings_all,0.25,30,0.9473095701910225,0.857145517965484,0.8307692032704608
identity_strict,settings_all,0.25,50,0.9945043898883601,0.7916909275484229,0.7882746229979813
identity_strict,settings_all,0.25,80,0.8479422112519174,0.5854873700245727,0.6227008563775249
identity_strict,settings_all,0.5,8,0.4009427708703733,0.24007293365414886,0.035169182764926046
identity_strict,settings_all,0.5,12,0.5860981745891535,0.6316553739480576,0.5480856200835659
identity_strict,settings_all,0.5,20,0.8858139294053567,0.6870498566038363,0.67774642559436
identity_strict,settings_all,0.5,30,0.9269997614451881,0.7482970516951544,0.724749376268791
identity_strict,settings_all,0.5,50,0.9331659383574872,0.7386291764390877,0.7134809370860236
identity_strict,settings_all,0.5,80,0.7340798132347869,0.6394094949283204,0.6565392595892138
identity_strict,settings_all,0.75,8,0.3956391897961644,0.27677964891744034,0.25947590196099757
identity_strict,settings_all,0.75,12,0.2247704366205884,0.3506419308931104,0.5002389902557004
identity_strict,settings_all,0.75,20,0.6460281808527715,0.6526806504256194,0.5591120298506217
identity_strict,settings_all,0.75,30,0.4793323806960609,0.6152836706769318,0.4890031598463241
identity_strict,settings_all,0.75,50,0.6011457937356616,0.6440578701564339,0.4994021282330678
identity_strict,settings_all,0.75,80,0.6609126460206886,0.7308790582605235,0.6731105438940328
identity_strict,settings_all,1.0,8,0.4029529608884506,0.4240043609844342,0.42099619756419515
identity_strict,settings_all,1.0,12,0.254066730034447,0.202483799496021,0.3287212845855612
identity_strict,settings_all,1.0,20,0.39138859117843094,0.35291500767185224,0.46999148932276247
identity_strict,settings_all,1.0,30,0.4394924000852996,0.4065230252176012,0.4163107997344429
identity_strict,settings_all,1.0,50,0.5180742041085082,0.5318428299266487,0.43967374941630627
identity_strict,settings_all,1.0,80,0.7253568474381663,0.6901714578148063,0.6964570587894899
identity_strict,settings_numeric,0.0,8,0.03924942006359841,1.0,0.03924942006359841
identity_strict,settings_numeric,0.0,12,0.014976181893272296,0.8976247593843059,-0.002253389159043112
identity_strict,settings_numeric,0.0,20,0.7034141303504452,0.08505817510306166,0.05309778728001015
identity_strict,settings_numeric,0.0,30,0.8701434434496215,0.17993941171577316,0.15250881566088684
identity_strict,settings_numeric,0.0,50,0.914510249336182,0.45826714511710687,0.44788786870870567
identity_strict,settings_numeric,0.0,80,0.920706983002375,0.43435708469489376,0.41698196210582644
identity_strict,settings_numeric,0.25,8,0.07296349528386652,0.23811597774039278,0.14597244207883334
identity_strict,settings_numeric,0.25,12,0.7550952464744646,0.8420724569576965,0.6342325391590449
identity_strict,settings_numeric,0.25,20,0.6771561973636875,0.6053049307956546,0.5171794236227524
identity_strict,settings_numeric,0.25,30,0.9404436868173698,0.868940800684683,0.8479980692460515
identity_strict,settings_numeric,0.25,50,0.9857514066705689,0.8881726916380475,0.8853172880370344
identity_strict,settings_numeric,0.25,80,0.9126858109405916,0.6212888761301841,0.6535233528519606
identity_strict,settings_numeric,0.5,8,0.3448208368423733,0.20022431560253032,0.020610249624766853
identity_strict,settings_numeric,0.5,12,0.6922917980987013,0.6061029387062624,0.6581504313536636
identity_strict,settings_numeric,0.5,20,0.888500246245552,0.6990376795977751,0.6662969473107331
identity_strict,settings_numeric,0.5,30,0.901327345634901,0.6818872562529186,0.6908252042546885
identity_strict,settings_numeric,0.5,50,0.9024012288622261,0.7446252514514469,0.7639787292212483
identity_strict,settings_numeric,0.5,80,0.7524492305898324,0.5958852990094046,0.6514608796138446
identity_strict,settings_numeric,0.75,8,0.23156271549001303,0.46182589094197146,0.40361741694868075
identity_strict,settings_numeric,0.75,12,0.5438158878861673,0.6098538217048507,0.4875884727516936
identity_strict,settings_numeric,0.75,20,0.5293895438635976,0.631823894483553,0.5382982495692836
identity_strict,settings_numeric,0.75,30,0.635475815261295,0.4681983304936153,0.5274599831405047
identity_strict,settings_numeric,0.75,50,0.5080263958639718,0.6072828956418115,0.5080275780375735
identity_strict,settings_numeric,0.75,80,0.7369990077848124,0.7598378980402029,0.611775191001845
identity_strict,settings_numeric,1.0,8,0.5331810551321617,0.06846037267715772,0.15882503440714052
identity_strict,settings_numeric,1.0,12,0.48466501702890186,0.4060049897764248,0.33175191196333104
identity_strict,settings_numeric,1.0,20,0.3110640822545017,0.4359699342213593,0.22214877307837935
identity_strict,settings_numeric,1.0,30,0.4350946760028563,0.4210807662945895,0.36076397657018305
identity_strict,settings_numeric,1.0,50,0.5928508853619862,0.5523158430212798,0.5535061911555674
identity_strict,settings_numeric,1.0,80,0.7205938520024394,0.6623342143246289,0.6007001368162439
identity_strict,no_settings,0.0,8,0.03924942006359841,1.0,0.03924942006359841
identity_strict,no_settings,0.0,12,0.014976181893272296,0.8976247593843059,-0.002253389159043112
identity_strict,no_settings,0.0,20,0.7034141303504452,0.08505817510306166,0.05309778728001015
identity_strict,no_settings,0.0,30,0.8701434434496215,0.17993941171577316,0.15250881566088684
identity_strict,no_settings,0.0,50,0.914510249336182,0.45826714511710687,0.44788786870870567
identity_strict,no_settings,0.0,80,0.920706983002375,0.43435708469489376,0.41698196210582644
identity_strict,no_settings,0.25,8,0.6247921986404328,0.704442452780889,0.4240872394283241
identity_strict,no_settings,0.25,12,0.49009922078336754,0.706627806289891,0.45617590699110766
identity_strict,no_settings,0.25,20,0.8472249752734529,0.6103517326630591,0.6320054505600308
identity_strict,no_settings,0.25,30,0.9334056442081826,0.6958061060605498,0.6563991984733376
identity_strict,no_settings,0.25,50,0.9907353983089693,0.6775771179939041,0.6750320074687398
identity_strict,no_settings,0.25,80,0.9325974524438242,0.5667203687606664,0.5384634701474595
identity_strict,no_settings,0.5,8,0.5180177294181707,0.5116847606545839,0.8224678607087191
identity_strict,no_settings,0.5,12,0.5384532320817037,0.83583800817679,0.5804092531058058
identity_strict,no_settings,0.5,20,0.7198875395904409,0.7275358320035763,0.8582229244201895
identity_strict,no_settings,0.5,30,0.6696854658323338,0.704113475492946,0.859391429559665
identity_strict,no_settings,0.5,50,0.5838373247941286,0.589905835492765,0.8744039220218656
identity_strict,no_settings,0.5,80,0.7572833401740945,0.7705138859607393,0.7533277903248073
identity_strict,no_settings,0.75,8,0.6984190882905643,0.9709445869031279,0.7058944568000904
identity_strict,no_settings,0.75,12,0.9551653655286595,0.97106084838551,0.9627103021308391
identity_strict,no_settings,0.75,20,0.697791175399876,0.7770029879838499,0.7128583050818604
identity_strict,no_settings,0.75,30,0.7736448751882381,0.7964454833012967,0.7880771187364499
identity_strict,no_settings,0.75,50,0.8485776054764439,0.8909568242545429,0.9089372030737946
identity_strict,no_settings,0.75,80,0.9128095901360895,0.9508973722578534,0.9607966021215
identity_strict,no_settings,1.0,8,1.0,1.0,1.0
identity_strict,no_settings,1.0,12,1.0,1.0,1.0
identity_strict,no_settings,1.0,20,1.0,1.0,1.0
identity_strict,no_settings,1.0,30,1.0,1.0,1.0
identity_strict,no_settings,1.0,50,1.0,1.0,1.0
identity_strict,no_settings,1.0,80,1.0,1.0,1.0
identity_soft,equal,0.0,8,0.8026775275517293,0.8864552008366254,0.7538116782493443
identity_soft,equal,0.0,12,0.5514141909513841,0.7040323395552276,0.3903245503943013
identity_soft,equal,0.0,20,0.8623179196922712,0.5505848289515483,0.5899612178217936
identity_soft,equal,0.0,30,0.9065045228522797,0.6630947035130228,0.6197227898674886
identity_soft,equal,0.0,50,0.7928737743486434,0.6142576252037566,0.49209852231065737
identity_soft,equal,0.0,80,0.7798477786978828,0.4981858255305817,0.45419224276433523
identity_soft,equal,0.25,8,0.7035056054102518,0.6810847547972051,0.589670252278219
identity_soft,equal,0.25,12,0.7380654992488472,0.7321431788532873,0.6442526079126365
identity_soft,equal,0.25,20,0.7588291804493205,0.6719897909535738,0.6266264668539395
identity_soft,equal,0.25,30,0.7595670708997203,0.6936975281759686,0.8260299900771518
identity_soft,equal,0.25,50,0.5492554096802736,0.6411118906416817,0.5766921778099974
identity_soft,equal,0.25,80,0.9199526069396456,0.5680017977867707,0.5297760883527303
identity_soft,equal,0.5,8,0.7460801438498718,0.6699289773778858,0.7497407925110336
identity_soft,equal,0.5,12,0.5539921580543156,0.7383584476027799,0.5899843145123113
identity_soft,equal,0.5,20,0.5966258231101693,0.6567860952186075,0.8241806392931632
identity_soft,equal,0.5,30,0.7431587583333604,0.779085464848653,0.8023132142054521
identity_soft,equal,0.5,50,0.7110758978486105,0.65874435518125,0.7101422644430013
identity_soft,equal,0.5,80,0.8109043181305997,0.7267788899915996,0.7455838396000876
identity_soft,equal,0.75,8,0.45896298553692294,0.7356478314936263,0.646006666806479
identity_soft,equal,0.75,12,0.35715634047470785,0.5193228103498505,0.6434850928083979
identity_soft,equal,0.75,20,0.5011842984255876,0.5101814517208367,0.5669668925300775
identity_soft,equal,0.75,30,0.5746253984907269,0.7184495752375256,0.617901253962399
identity_soft,equal,0.75,50,0.7326756774612178,0.7119142769753412,0.7677467539581951
identity_soft,equal,0.75,80,0.8993499580493918,0.8132522031863118,0.848986215249841
identity_soft,equal,1.0,8,0.8076658900301033,0.7883925636915157,0.9662442884163911
identity_soft,equal,1.0,12,0.49420488240891175,0.49544380327070087,0.988122654511857
identity_soft,equal,1.0,20,0.746090346272475,0.7552596458930844,0.8234700102727195
identity_soft,equal,1.0,30,0.6808596319797429,0.7124170354485352,0.6356834936174002
identity_soft,equal,1.0,50,0.8382955353560143,0.8699975040784995,0.8368823998640096
identity_soft,equal,1.0,80,0.9110058254296495,0.8462756990216886,0.8132934868494762
identity_soft,method_type,0.0,8,0.8026775275517293,0.8864552008366254,0.7538116782493443
identity_soft,method_type,0.0,12,0.5514141909513841,0.7040323395552276,0.3903245503943013
identity_soft,method_type,0.0,20,0.8623179196922712,0.5505848289515483,0.5899612178217936
identity_soft,method_type,0.0,30,0.9065045228522797,0.6630947035130228,0.6197227898674886
identity_soft,method_type,0.0,50,0.7928737743486434,0.6142576252037566,0.49209852231065737
identity_soft,method_type,0.0,80,0.7798477786978828,0.4981858255305817,0.45419224276433523
identity_soft,method_type,0.25,8,0.8253430484192954,0.5392109590926781,0.5765268188747187
identity_soft,method_type,0.25,12,0.8411904926324609,0.650998137467167,0.6455615698930104
identity_soft,method_type,0.25,20,0.9127394040781536,0.6924371272937057,0.6653405426018387
identity_soft,method_type,0.25,30,0.9387653914879499,0.6989742454219623,0.6905294112045338
identity_soft,method_type,0.25,50,0.5873223012996278,0.6206451947535361,0.4838669084211707
identity_soft,method_type,0.25,80,0.9655037689375282,0.5836150678287267,0.5706104426991057
identity_soft,method_type,0.5,8,0.4817922727018072,0.4469478217361209,0.9095426796807066
identity_soft,method_type,0.5,12,0.6228275237466931,0.4203863636483296,0.5676494912765435
identity_soft,method_type,0.5,20,0.777843171159284,0.7105273331121021,0.8543828168401123
identity_soft,method_type,0.5,30,0.7040434834113931,0.7245340053789701,0.7287053999785803
identity_soft,method_type,0.5,50,0.7612387684675337,0.7122961021893021,0.8293806874493789
identity_soft,method_type,0.5,80,0.7568474613559716,0.6119189042300577,0.7143246065430585
identity_soft,method_type,0.75,8,0.9923969104307737,0.9508043511523215,0.9439921227279836
identity_soft,method_type,0.75,12,0.5829407797495109,0.9150740102426678,0.6220813492650418
identity_soft,method_type,0.75,20,0.6869485543931692,0.7084794849265446,0.7833888671219548
identity_soft,method_type,0.75,30,0.7658011796405214,0.6920699988521358,0.7133972706934004
identity_soft,method_type,0.75,50,0.7861084341463768,0.7855171622405837,0.944956298250959
identity_soft,method_type,0.75,80,0.8235148704408466,0.9043103431675771,0.8695693166511643
identity_soft,method_type,1.0,8,1.0,1.0,1.0
identity_soft,method_type,1.0,12,0.9966059016614789,0.9966059016614789,1.0
identity_soft,method_type,1.0,20,0.8621335312880913,0.8621335312880913,1.0
identity_soft,method_type,1.0,30,0.9669993400766832,0.962993618946224,0.9960467208725291
identity_soft,method_type,1.0,50,0.9546613760271531,0.9090160116856162,0.9432451574402257
identity_soft,method_type,1.0,80,1.0,1.0,1.0
identity_soft,sequence,0.0,8,0.8026775275517293,0.8864552008366254,0.7538116782493443
identity_soft,sequence,0.0,12,0.5514141909513841,0.7040323395552276,0.3903245503943013
identity_soft,sequence,0.0,20,0.8623179196922712,0.5505848289515483,0.5899612178217936
identity_soft,sequence,0.0,30,0.9065045228522797,0.6630947035130228,0.6197227898674886
identity_soft,sequence,0.0,50,0.7928737743486434,0.6142576252037566,0.49209852231065737
identity_soft,sequence,0.0,80,0.7798477786978828,0.4981858255305817,0.45419224276433523
identity_soft,sequence,0.25,8,0.6340204487525514,0.7800428366674288,0.6477965863481645
identity_soft,sequence,0.25,12,0.8793197152695296,0.553770797670438,0.522906183962685
identity_soft,sequence,0.25,20,0.739919059189805,0.6947306513919099,0.6844899475368905
identity_soft,sequence,0.25,30,0.7436325232977316,0.7037630411046883,0.8199271955933519
identity_soft,sequence,0.25,50,0.5633350585169635,0.6526409733040669,0.6334523176487115
identity_soft,sequence,0.25,80,0.8898854611919638,0.5750006499104858,0.524992023010099
identity_soft,sequence,0.5,8,0.5506232463716344,0.7128214742865595,0.5434132655769083
identity_soft,sequence,0.5,12,0.5799530180566341,0.718467638050716,0.6550947477794536
identity_soft,sequence,0.5,20,0.6153826704336981,0.6099515032315113,0.8359020627940719
identity_soft,sequence,0.5,30,0.7694493667260854,0.7635519410051864,0.8262857087705733
identity_soft,sequence,0.5,50,0.6675201439497248,0.6855186830394654,0.7609330739263964
identity_soft,sequence,0.5,80,0.8873048927018924,0.701427214187031,0.6548425002227739
identity_soft,sequence,0.75,8,0.3121750847293017,0.5380181178403982,0.34632664537552105
identity_soft,sequence,0.75,12,0.6329540758204925,0.6496169605029738,0.5782217500500935
identity_soft,sequence,0.75,20,0.5989584677079869,0.6215764044319734,0.5924413407532595
identity_soft,sequence,0.75,30,0.8589590770201603,0.8321478445296044,0.7978618412649967
identity_soft,sequence,0.75,50,0.8207621280039306,0.8101739891826797,0.790531395640941
identity_soft,sequence,0.75,80,0.8701575439542092,0.9283444316035183,0.8820009383469635
identity_soft,sequence,1.0,8,0.1993922467678434,0.7089574395725365,0.35449842221323674
identity_soft,sequence,1.0,12,0.6077464012405853,0.6938105976499059,0.8218586323267018
identity_soft,sequence,1.0,20,0.6215957868638823,0.7391144485220112,0.8104942826885178
identity_soft,sequence,1.0,30,0.7586860953476674,0.8402221654050952,0.8748326856183388
identity_soft,sequence,1.0,50,0.8667738800070612,0.8992184190166282,0.7853096549299781
identity_soft,sequence,1.0,80,0.9772604234890837,0.9273801548045355,0.9229107330094543
identity_soft,settings_all,0.0,8,0.8026775275517293,0.8864552008366254,0.7538116782493443
identity_soft,settings_all,0.0,12,0.5514141909513841,0.7040323395552276,0.3903245503943013
identity_soft,settings_all,0.0,20,0.8623179196922712,0.5505848289515483,0.5899612178217936
identity_soft,settings_all,0.0,30,0.9065045228522797,0.6630947035130228,0.6197227898674886
identity_soft,settings_all,0.0,50,0.7928737743486434,0.6142576252037566,0.49209852231065737
identity_soft,settings_all,0.0,80,0.7798477786978828,0.4981858255305817,0.45419224276433523
identity_soft,settings_all,0.25,8,0.7651012290514427,0.7378333502548455,0.6281538009618651
identity_soft,settings_all,0.25,12,0.7714165496890227,0.7001274726502245,0.7597560252840027
identity_soft,settings_all,0.25,20,0.7591570732024788,0.6841557285955803,0.6729741478230736
identity_soft,settings_all,0.25,30,0.7299107027872062,0.6928310913144011,0.8389659965386485
identity_soft,settings_all,0.25,50,0.6599603497350778,0.6747945883042595,0.562826158300527
identity_soft,settings_all,0.25,80,0.9163336098263923,0.5655521116734116,0.5679247223379451
identity_soft,settings_all,0.5,8,0.4928232579835624,0.5693802014472155,0.5836746118019308
identity_soft,settings_all,0.5,12,0.7857163403968731,0.7769206881625781,0.7031417551926243
identity_soft,settings_all,0.5,20,0.7041643209103827,0.8653481694828078,0.6555197656321212
identity_soft,settings_all,0.5,30,0.7250277174188878,0.6921964926696377,0.8336234399169344
identity_soft,settings_all,0.5,50,0.5386894904521956,0.5898404599340835,0.5937777639327185
identity_soft,settings_all,0.5,80,0.7304864770790376,0.7177857023823611,0.7323043267019295
identity_soft,settings_all,0.75,8,0.4170869848401801,0.7126978170797107,0.5304899205202008
identity_soft,settings_all,0.75,12,0.35837075697794285,0.6297888489892277,0.4224198491188443
identity_soft,settings_all,0.75,20,0.356373934090047,0.4300726736539696,0.40106706458178
identity_soft,settings_all,0.75,30,0.5311455138039592,0.6852802444083151,0.584235489115582
identity_soft,settings_all,0.75,50,0.6512550222579333,0.5555838103996698,0.584754787738322
identity_soft,settings_all,0.75,80,0.7198206295077505,0.7303036959763952,0.7045138970209752
identity_soft,settings_all,1.0,8,0.4029529608884506,0.4240043609844342,0.42099619756419515
identity_soft,settings_all,1.0,12,0.254066730034447,0.202483799496021,0.3287212845855612
identity_soft,settings_all,1.0,20,0.39138859117843094,0.35291500767185224,0.46999148932276247
identity_soft,settings_all,1.0,30,0.4394924000852996,0.4065230252176012,0.4163107997344429
identity_soft,settings_all,1.0,50,0.5180742041085082,0.5318428299266487,0.43967374941630627
identity_soft,settings_all,1.0,80,0.7253568474381663,0.6901714578148063,0.6964570587894899
identity_soft,settings_numeric,0.0,8,0.8026775275517293,0.8864552008366254,0.7538116782493443
identity_soft,settings_numeric,0.0,12,0.5514141909513841,0.7040323395552276,0.3903245503943013
identity_soft,settings_numeric,0.0,20,0.8623179196922712,0.5505848289515483,0.5899612178217936
identity_soft,settings_numeric,0.0,30,0.9065045228522797,0.6630947035130228,0.6197227898674886
identity_soft,settings_numeric,0.0,50,0.7928737743486434,0.6142576252037566,0.49209852231065737
identity_soft,settings_numeric,0.0,80,0.7798477786978828,0.4981858255305817,0.45419224276433523
identity_soft,settings_numeric,0.25,8,0.7165875335675947,0.5581053786054783,0.6357602937353272
identity_soft,settings_numeric,0.25,12,0.5700512443855456,0.6146889861869368,0.4703345218274415
identity_soft,settings_numeric,0.25,20,0.9671239209019775,0.6814908183264121,0.683216290051664
identity_soft,settings_numeric,0.25,30,0.9501016780703172,0.7116677707298787,0.68255762118766
identity_soft,settings_numeric,0.25,50,0.8476748054739911,0.6697169548226575,0.6708375295756085
identity_soft,settings_numeric,0.25,80,0.8948660408354772,0.5672366324643378,0.5722589905784348
identity_soft,settings_numeric,0.5,8,0.532098444298019,0.8065643169837821,0.5387379132246038
identity_soft,settings_numeric,0.5,12,0.6808766196010706,0.7821382869113671,0.7298962042193986
identity_soft,settings_numeric,0.5,20,0.6820889834243448,0.6369224061786313,0.7894815914371222
identity_soft,settings_numeric,0.5,30,0.8460169993774272,0.7778759981353238,0.8074109099912004
identity_soft,settings_numeric,0.5,50,0.9088692149899337,0.7693591356268241,0.7246669181024197
identity_soft,settings_numeric,0.5,80,0.774090087738974,0.7803312005782378,0.727259220725434
identity_soft,settings_numeric,0.75,8,0.5247766610951563,0.6687757225839037,0.5794354302602901
identity_soft,settings_numeric,0.75,12,0.5787778576782483,0.534008274194293,0.45415589184829364
identity_soft,settings_numeric,0.75,20,0.6011524244145539,0.5649139220800121,0.4085602583835717
identity_soft,settings_numeric,0.75,30,0.5633967450373449,0.6974903658774745,0.6340627225661564
identity_soft,settings_numeric,0.75,50,0.5285851179944366,0.6242153565412982,0.5254801216828118
identity_soft,settings_numeric,0.75,80,0.7836029139019969,0.7315358159442621,0.6942846235978168
identity_soft,settings_numeric,1.0,8,0.5331810551321617,0.06846037267715772,0.15882503440714052
identity_soft,settings_numeric,1.0,12,0.48466501702890186,0.4060049897764248,0.33175191196333104
identity_soft,settings_numeric,1.0,20,0.3110640822545017,0.4359699342213593,0.22214877307837935
identity_soft,settings_numeric,1.0,30,0.4350946760028563,0.4210807662945895,0.36076397657018305
identity_soft,settings_numeric,1.0,50,0.5928508853619862,0.5523158430212798,0.5535061911555674
identity_soft,settings_numeric,1.0,80,0.7205938520024394,0.6623342143246289,0.6007001368162439
identity_soft,no_settings,0.0,8,0.8026775275517293,0.8864552008366254,0.7538116782493443
identity_soft,no_settings,0.0,12,0.5514141909513841,0.7040323395552276,0.3903245503943013
identity_soft,no_settings,0.0,20,0.8623179196922712,0.5505848289515483,0.5899612178217936
identity_soft,no_settings,0.0,30,0.9065045228522797,0.6630947035130228,0.6197227898674886
identity_soft,no_settings,0.0,50,0.7928737743486434,0.6142576252037566,0.49209852231065737
identity_soft,no_settings,0.0,80,0.7798477786978828,0.4981858255305817,0.45419224276433523
identity_soft,no_settings,0.25,8,0.7055031882853102,0.6717731823601191,0.5089824694078086
identity_soft,no_settings,0.25,12,0.7761272181451061,0.7406450329831378,0.6756225419974778
identity_soft,no_settings,0.25,20,0.7176300802062935,0.7049192167398542,0.630099768063111
identity_soft,no_settings,0.25,30,0.7373008937416378,0.7097654070256846,0.8266239466923959
identity_soft,no_settings,0.25,50,0.778525772684719,0.6943848178347336,0.7025430150746697
identity_soft,no_settings,0.25,80,0.9097388396434603,0.5604272413557979,0.5325784087777615
identity_soft,no_settings,0.5,8,0.8047950117580432,0.7328873276010393,0.7277000107029188
identity_soft,no_settings,0.5,12,0.5682119079259971,0.6033872380133262,0.6396391346384875
identity_soft,no_settings,0.5,20,0.5477737829189424,0.6413935475602505,0.7548613773859877
identity_soft,no_settings,0.5,30,0.6617044028372742,0.8011857067146768,0.7638906927771979
identity_soft,no_settings,0.5,50,0.72033240656311,0.6360187692026282,0.8126551541722344
identity_soft,no_settings,0.5,80,0.8142968743592729,0.6686854690275914,0.6675006459839873
identity_soft,no_settings,0.75,8,0.9397498814729568,0.957244499792884,0.9823547878319538
identity_soft,no_settings,0.75,12,0.9621585790085794,0.9714277344721682,0.9906143122116468
identity_soft,no_settings,0.75,20,0.8228295963435669,0.860231511275739,0.81084870307245
identity_soft,no_settings,0.75,30,0.8513939529873262,0.7903778195700512,0.8520850159633927
identity_soft,no_settings,0.75,50,0.8535349625495166,0.9113324088240825,0.9184254106136537
identity_soft,no_settings,0.75,80,0.9273515815680904,0.9939716090210098,0.93290872154624
identity_soft,no_settings,1.0,8,1.0,1.0,1.0
identity_soft,no_settings,1.0,12,1.0,1.0,1.0
identity_soft,no_settings,1.0,20,1.0,1.0,1.0
identity_soft,no_settings,1.0,30,1.0,1.0,1.0
identity_soft,no_settings,1.0,50,1.0,1.0,1.0
identity_soft,no_settings,1.0,80,1.0,1.0,1.0
full_strict,equal,0.0,8,0.7439813495095858,0.12354508927385968,0.09484735990277529
full_strict,equal,0.0,12,0.11943651708231508,0.1414432125521203,-0.02274950420145081
full_strict,equal,0.0,20,0.4990837845965719,0.03177925160776479,0.0118389934453229
full_strict,equal,0.0,30,0.891882760625933,0.020351386988888227,0.01208450258667134
full_strict,equal,0.0,50,0.859362900684899,0.11574754749440426,0.08947757412628747
full_strict,equal,0.0,80,0.6075408372138105,0.20716037960638978,0.20376924805419352
full_strict,equal,0.25,8,0.2075444267589917,0.21786626199969397,0.06285586981187796
full_strict,equal,0.25,12,0.5530093790086978,0.07020666980390725,0.016495601749888514
full_strict,equal,0.25,20,0.628524637052404,0.08978350114385401,0.019044393031261767
full_strict,equal,0.25,30,0.905280915755454,0.0611077177190943,0.06630947502744658
full_strict,equal,0.25,50,0.8817414493085659,0.22578546098997787,0.2237611984734449
full_strict,equal,0.25,80,0.825628203464366,0.32638274201484574,0.38160139143982674
full_strict,equal,0.5,8,0.3642132106143635,0.7166348304161065,0.3328667497712404
full_strict,equal,0.5,12,0.6442164398723861,0.37773761111296456,0.26399091645077294
full_strict,equal,0.5,20,0.5917678227874297,0.6012235822419217,0.5378958635656599
full_strict,equal,0.5,30,0.455995444743656,0.6288390443765091,0.5759364730861264
full_strict,equal,0.5,50,0.5591559424893425,0.6388336849560644,0.6100242710045406
full_strict,equal,0.5,80,0.7385941115094954,0.5843787402851692,0.5767144856028623
full_strict,equal,0.75,8,0.9548293506757216,0.9470284071909312,0.9297577768563393
full_strict,equal,0.75,12,0.6712104559042064,0.8393845072676359,0.7609818273480752
full_strict,equal,0.75,20,0.7122614857597197,0.5951713259504553,0.5949065629682256
full_strict,equal,0.75,30,0.8103328705517427,0.6091711123490317,0.6291516148714649
full_strict,equal,0.75,50,0.6994073552726223,0.6785971683753238,0.7279257094099005
full_strict,equal,0.75,80,0.7941480089646354,0.8357466790343029,0.8245755377152852
full_strict,equal,1.0,8,0.8076658900301033,0.7883925636915157,0.9662442884163911
full_strict,equal,1.0,12,0.49420488240891175,0.49544380327070087,0.988122654511857
full_strict,equal,1.0,20,0.746090346272475,0.7552596458930844,0.8234700102727195
full_strict,equal,1.0,30,0.6808596319797429,0.7124170354485352,0.6356834936174002
full_strict,equal,1.0,50,0.8382955353560143,0.8699975040784995,0.8368823998640096
full_strict,equal,1.0,80,0.9110058254296495,0.8462756990216886,0.8132934868494762
full_strict,method_type,0.0,8,0.7439813495095858,0.12354508927385968,0.09484735990277529
full_strict,method_type,0.0,12,0.11943651708231508,0.1414432125521203,-0.02274950420145081
full_strict,method_type,0.0,20,0.4990837845965719,0.03177925160776479,0.0118389934453229
full_strict,method_type,0.0,30,0.891882760625933,0.020351386988888227,0.01208450258667134
full_strict,method_type,0.0,50,0.859362900684899,0.11574754749440426,0.08947757412628747
full_strict,method_type,0.0,80,0.6075408372138105,0.20716037960638978,0.20376924805419352
full_strict,method_type,0.25,8,0.6608215622170198,0.11537669961138004,0.13596688438437
full_strict,method_type,0.25,12,0.34045763048010624,0.1658503359488896,0.018456384639105494
full_strict,method_type,0.25,20,0.6074793654128667,0.06086313975116623,0.04270446544119443
full_strict,method_type,0.25,30,0.8458737785207523,0.056053620885856296,0.06509143404020454
full_strict,method_type,0.25,50,0.66473629746611,0.24888517663740303,0.1908128906440121
full_strict,method_type,0.25,80,0.8081848181953373,0.29834961001919647,0.3375582963373395
full_strict,method_type,0.5,8,0.9351027128637623,0.9471483724704511,0.9416964311280317
full_strict,method_type,0.5,12,0.8641215940294154,0.9058813417106766,0.8053439297270505
full_strict,method_type,0.5,20,0.5753668146113894,0.7362329470665057,0.4790990429383234
full_strict,method_type,0.5,30,0.7630569108768833,0.4885967493587533,0.36141115013346037
full_strict,method_type,0.5,50,0.9114847489283727,0.6341679640929211,0.6219861155798392
full_strict,method_type,0.5,80,0.5864658587325776,0.48452759742998663,0.5307555127918256
full_strict,method_type,0.75,8,0.9604776561190251,0.96509158571887,0.9255659303486452
full_strict,method_type,0.75,12,0.7964713940003354,0.9491728280702317,0.7719536459480396
full_strict,method_type,0.75,20,0.8558588139735798,0.8887476136643675,0.7801863032557347
full_strict,method_type,0.75,30,0.7893562650241143,0.7894007426722933,0.7617847691421521
full_strict,method_type,0.75,50,0.9204624063855102,0.9464172308588099,0.9376429983338462
full_strict,method_type,0.75,80,0.8804337434922868,0.898983442675918,0.9419386531585383
full_strict,method_type,1.0,8,1.0,1.0,1.0
full_strict,method_type,1.0,12,0.9966059016614789,0.9966059016614789,1.0
full_strict,method_type,1.0,20,0.8621335312880913,0.8621335312880913,1.0
full_strict,method_type,1.0,30,0.9669993400766832,0.962993618946224,0.9960467208725291
full_strict,method_type,1.0,50,0.9546613760271531,0.9090160116856162,0.9432451574402257
full_strict,method_type,1.0,80,1.0,1.0,1.0
full_strict,sequence,0.0,8,0.7439813495095858,0.12354508927385968,0.09484735990277529
full_strict,sequence,0.0,12,0.11943651708231508,0.1414432125521203,-0.02274950420145081
full_strict,sequence,0.0,20,0.4990837845965719,0.03177925160776479,0.0118389934453229
full_strict,sequence,0.0,30,0.891882760625933,0.020351386988888227,0.01208450258667134
full_strict,sequence,0.0,50,0.859362900684899,0.11574754749440426,0.08947757412628747
full_strict,sequence,0.0,80,0.6075408372138105,0.20716037960638978,0.20376924805419352
full_strict,sequence,0.25,8,0.02505445853152813,0.42221527050542434,0.017108591621702744
full_strict,sequence,0.25,12,-0.004687671476927608,0.3828614196567308,0.010827398355443652
full_strict,sequence,0.25,20,0.7062871374029918,0.08438311911488793,0.07031452269308977
full_strict,sequence,0.25,30,0.9289400379052526,0.08166186433593985,0.08170255628208134
full_strict,sequence,0.25,50,0.9182422902366724,0.45528131210505246,0.41877931018879144
full_strict,sequence,0.25,80,0.8394382931649927,0.3791361221334836,0.36670974626738356
full_strict,sequence,0.5,8,0.046226586001161384,0.7781460877745191,0.03593828304298632
full_strict,sequence,0.5,12,0.4325566783038207,0.1912598108343306,0.04443422788892319
full_strict,sequence,0.5,20,0.6414141214662342,0.8206161911905051,0.6329244602021679
full_strict,sequence,0.5,30,0.653961150433555,0.6563012544488412,0.7128052294019399
full_strict,sequence,0.5,50,0.662012313639584,0.6021063493094257,0.7529779944894784
full_strict,sequence,0.5,80,0.6879232176696873,0.6577509336857474,0.5778240202745661
full_strict,sequence,0.75,8,0.2161092429187694,0.40839011791251756,0.08935616187960183
full_strict,sequence,0.75,12,0.4943513063327379,0.6885588422288249,0.3884502678894037
full_strict,sequence,0.75,20,0.5832910101777043,0.727867441667025,0.5860613409195377
full_strict,sequence,0.75,30,0.7231985622441885,0.7718465460881236,0.7799745466014837
full_strict,sequence,0.75,50,0.7284114996724649,0.7094986710338189,0.7043232231850902
full_strict,sequence,0.75,80,0.85401029974147,0.8860138560758355,0.8960283865152135
full_strict,sequence,1.0,8,0.1993922467678434,0.7089574395725365,0.35449842221323674
full_strict,sequence,1.0,12,0.6077464012405853,0.6938105976499059,0.8218586323267018
full_strict,sequence,1.0,20,0.6215957868638823,0.7391144485220112,0.8104942826885178
full_strict,sequence,1.0,30,0.7586860953476674,0.8402221654050952,0.8748326856183388
full_strict,sequence,1.0,50,0.8667738800070612,0.8992184190166282,0.7853096549299781
full_strict,sequence,1.0,80,0.9772604234890837,0.9273801548045355,0.9229107330094543
full_strict,settings_all,0.0,8,0.7439813495095858,0.12354508927385968,0.09484735990277529
full_strict,settings_all,0.0,12,0.11943651708231508,0.1414432125521203,-0.02274950420145081
full_strict,settings_all,0.0,20,0.4990837845965719,0.03177925160776479,0.0118389934453229
full_strict,settings_all,0.0,30,0.891882760625933,0.020351386988888227,0.01208450258667134
full_strict,settings_all,0.0,50,0.859362900684899,0.11574754749440426,0.08947757412628747
full_strict,settings_all,0.0,80,0.6075408372138105,0.20716037960638978,0.20376924805419352
full_strict,settings_all,0.25,8,0.09286896603276103,0.2831593655192175,0.041433264394124356
full_strict,settings_all,0.25,12,0.5004822045999188,0.06654594514344696,0.012546471657608716
full_strict,settings_all,0.25,20,0.6746489980627891,0.06889891471837702,0.03850067979016202
full_strict,settings_all,0.25,30,0.9024853285428863,0.14547123131168724,0.13209556404119638
full_strict,settings_all,0.25,50,0.9020577739629594,0.4268364262202818,0.37196432566628573
full_strict,settings_all,0.25,80,0.8029609075729639,0.32560837249504376,0.35530089822464983
full_strict,settings_all,0.5,8,0.07721283619546962,0.5263209168544571,0.12853711405143356
full_strict,settings_all,0.5,12,0.26998681542431974,0.2831339984459868,-0.007537861584476661
full_strict,settings_all,0.5,20,0.6794607519815076,0.7790576161702032,0.6150655207921429
full_strict,settings_all,0.5,30,0.929720473099482,0.6553747391951121,0.6503413196781687
full_strict,settings_all,0.5,50,0.9044873506224944,0.6403031041692933,0.6420101793496539
full_strict,settings_all,0.5,80,0.5554739361602873,0.5500110898886594,0.5505053021196161
full_strict,settings_all,0.75,8,0.297385348481537,0.7261682120225443,0.22749531077567153
full_strict,settings_all,0.75,12,0.2965107679921821,0.3556774931146886,0.26697749654393066
full_strict,settings_all,0.75,20,0.3005585661821293,0.4491584810728012,0.4028621281492995
full_strict,settings_all,0.75,30,0.42328063350082423,0.5863582628510934,0.4277641953439586
full_strict,settings_all,0.75,50,0.7454279342045718,0.6032362981198949,0.5182902933845784
full_strict,settings_all,0.75,80,0.6959316602500081,0.7434435314220041,0.6622851721322142
full_strict,settings_all,1.0,8,0.4029529608884506,0.4240043609844342,0.42099619756419515
full_strict,settings_all,1.0,12,0.254066730034447,0.202483799496021,0.3287212845855612
full_strict,settings_all,1.0,20,0.39138859117843094,0.35291500767185224,0.46999148932276247
full_strict,settings_all,1.0,30,0.4394924000852996,0.4065230252176012,0.4163107997344429
full_strict,settings_all,1.0,50,0.5180742041085082,0.5318428299266487,0.43967374941630627
full_strict,settings_all,1.0,80,0.7253568474381663,0.6901714578148063,0.6964570587894899
full_strict,settings_numeric,0.0,8,0.7439813495095858,0.12354508927385968,0.09484735990277529
full_strict,settings_numeric,0.0,12,0.11943651708231508,0.1414432125521203,-0.02274950420145081
full_strict,settings_numeric,0.0,20,0.4990837845965719,0.03177925160776479,0.0118389934453229
full_strict,settings_numeric,0.0,30,0.891882760625933,0.020351386988888227,0.01208450258667134
full_strict,settings_numeric,0.0,50,0.859362900684899,0.11574754749440426,0.08947757412628747
full_strict,settings_numeric,0.0,80,0.6075408372138105,0.20716037960638978,0.20376924805419352
full_strict,settings_numeric,0.25,8,0.2333721010587574,0.22478798925757285,0.06899956904600268
full_strict,settings_numeric,0.25,12,-0.009001936198691949,0.24486011860567636,-0.006044881090613566
full_strict,settings_numeric,0.25,20,0.7027071538058469,0.05771468912188884,0.0343621851214443
full_strict,settings_numeric,0.25,30,0.9354590383883288,0.10857351413947905,0.1023210707305941
full_strict,settings_numeric,0.25,50,0.9273358973688076,0.4342002701189675,0.41498493391225133
full_strict,settings_numeric,0.25,80,0.7692363711592313,0.4476507826593455,0.38402401942826353
full_strict,settings_numeric,0.5,8,0.13544818211179668,0.1369524612280542,0.10515314695272866
full_strict,settings_numeric,0.5,12,0.7185432026487997,0.06828720517338194,-0.0004546814620297413
full_strict,settings_numeric,0.5,20,0.6069585896933476,0.7384524498096176,0.5509870251133114
full_strict,settings_numeric,0.5,30,0.7304605460260604,0.6208826580624865,0.5887761318030169
full_strict,settings_numeric,0.5,50,0.6873876023323491,0.6597956643237771,0.5783487121471403
full_strict,settings_numeric,0.5,80,0.6225004736042692,0.5702968745784902,0.5291594955283696
full_strict,settings_numeric,0.75,8,0.2882978956706719,0.5136213768893415,0.4521802598876367
full_strict,settings_numeric,0.75,12,0.2880268528295208,0.6254366638843484,0.17627007056941552
full_strict,settings_numeric,0.75,20,0.49607480679495525,0.48285778653330436,0.4408833581485137
full_strict,settings_numeric,0.75,30,0.4118214599954212,0.46539248179799075,0.500875074217377
full_strict,settings_numeric,0.75,50,0.5663744384811915,0.6347398870901388,0.4759252558557965
full_strict,settings_numeric,0.75,80,0.7558536261076645,0.7712028144707905,0.6406770112391366
full_strict,settings_numeric,1.0,8,0.5331810551321617,0.06846037267715772,0.15882503440714052
full_strict,settings_numeric,1.0,12,0.48466501702890186,0.4060049897764248,0.33175191196333104
full_strict,settings_numeric,1.0,20,0.3110640822545017,0.4359699342213593,0.22214877307837935
full_strict,settings_numeric,1.0,30,0.4350946760028563,0.4210807662945895,0.36076397657018305
full_strict,settings_numeric,1.0,50,0.5928508853619862,0.5523158430212798,0.5535061911555674
full_strict,settings_numeric,1.0,80,0.7205938520024394,0.6623342143246289,0.6007001368162439
full_strict,no_settings,0.0,8,0.7439813495095858,0.12354508927385968,0.09484735990277529
full_strict,no_settings,0.0,12,0.11943651708231508,0.1414432125521203,-0.02274950420145081
full_strict,no_settings,0.0,20,0.4990837845965719,0.03177925160776479,0.0118389934453229
full_strict,no_settings,0.0,30,0.891882760625933,0.020351386988888227,0.01208450258667134
full_strict,no_settings,0.0,50,0.859362900684899,0.11574754749440426,0.08947757412628747
full_strict,no_settings,0.0,80,0.6075408372138105,0.20716037960638978,0.20376924805419352
full_strict,no_settings,0.25,8,0.1867389453437461,0.20790521842012388,0.07105378803764126
full_strict,no_settings,0.25,12,0.7050916028912992,0.06469100425279767,0.030667628037036695
full_strict,no_settings,0.25,20,0.551084206109305,0.08660902875509215,0.01906174333426273
full_strict,no_settings,0.25,30,0.9240360906481391,0.09702826861325682,0.09564243432381085
full_strict,no_settings,0.25,50,0.9151829469345775,0.3757090568903325,0.3635109072143205
full_strict,no_settings,0.25,80,0.8081656581130275,0.3599372633321808,0.3959187831809713
full_strict,no_settings,0.5,8,0.35624881892126903,0.49795370146830137,0.47714325233189553
full_strict,no_settings,0.5,12,0.7017463992547348,0.29573718013129424,0.4493644610949269
full_strict,no_settings,0.5,20,0.6451039674879342,0.48221700735013945,0.4552176168732148
full_strict,no_settings,0.5,30,0.6356417656674513,0.4891605016513576,0.4660041670434934
full_strict,no_settings,0.5,50,0.6929592018758434,0.5718968780366752,0.546102650169773
full_strict,no_settings,0.5,80,0.8351154437576328,0.5909347078379729,0.6011516908922164
full_strict,no_settings,0.75,8,0.6961260185796957,0.7291305610951141,0.9458582272242171
full_strict,no_settings,0.75,12,0.9858180584053277,0.9851519138312808,0.978913830995696
full_strict,no_settings,0.75,20,0.6914009948119657,0.7602140595030866,0.8867416820449435
full_strict,no_settings,0.75,30,0.8556974617997072,0.8427381899531498,0.9062617464012108
full_strict,no_settings,0.75,50,0.8813788296955682,0.858409148909998,0.8947259375376624
full_strict,no_settings,0.75,80,0.8949122480761721,0.8660875803675611,0.8094792742864843
full_strict,no_settings,1.0,8,1.0,1.0,1.0
full_strict,no_settings,1.0,12,1.0,1.0,1.0
full_strict,no_settings,1.0,20,1.0,1.0,1.0
full_strict,no_settings,1.0,30,1.0,1.0,1.0
full_strict,no_settings,1.0,50,1.0,1.0,1.0
full_strict,no_settings,1.0,80,1.0,1.0,1.0
loading_focus_soft,equal,0.0,8,0.36305118967804567,0.14264880804937002,-0.033320161265853875
loading_focus_soft,equal,0.0,12,0.06549033835788164,0.17136172254407092,-0.016721990506611387
loading_focus_soft,equal,0.0,20,0.4030696651429588,0.05559149350783444,0.012410851210236312
loading_focus_soft,equal,0.0,30,0.5495680264487045,0.048356476615281606,0.023640622047608802
loading_focus_soft,equal,0.0,50,0.7367637804177314,0.02185884386392316,0.015382193662459662
loading_focus_soft,equal,0.0,80,0.7707314294794316,0.007489538850783935,0.004978802011727744
loading_focus_soft,equal,0.25,8,0.22477242309537843,0.156164301035524,-0.04513894462883536
loading_focus_soft,equal,0.25,12,0.14896979320480574,0.057678542209715744,-0.052755165500621815
loading_focus_soft,equal,0.25,20,0.6913923745259665,0.04731261423411884,0.0219108102663431
loading_focus_soft,equal,0.25,30,0.6844008252316539,0.03723463357381912,0.02045768101542325
loading_focus_soft,equal,0.25,50,0.5871858781321265,0.0199769342676246,0.008218764490533182
loading_focus_soft,equal,0.25,80,0.9049684798909537,0.01591382785773299,0.01447959681889591
loading_focus_soft,equal,0.5,8,0.43980423095391147,0.038037827690848076,-0.004300230136167216
loading_focus_soft,equal,0.5,12,0.33603687113442937,0.020993798766853554,0.011921631962925958
loading_focus_soft,equal,0.5,20,0.4279852741641276,0.021083294934886303,-0.00497766361439465
loading_focus_soft,equal,0.5,30,0.5417057361857353,0.059792890517826956,0.03309685862259717
loading_focus_soft,equal,0.5,50,0.6459812196748745,0.22026501152173522,0.16911471753968646
loading_focus_soft,equal,0.5,80,0.6875098259716315,0.42101674016979745,0.3760153001418412
loading_focus_soft,equal,0.75,8,0.9553846456516317,0.902502549636235,0.9466705368952733
loading_focus_soft,equal,0.75,12,0.7973854390482434,0.8010013422704061,0.8734239941235991
loading_focus_soft,equal,0.75,20,0.552112365042036,0.5238086861314744,0.5320911055948399
loading_focus_soft,equal,0.75,30,0.5446690886756066,0.6033127876366371,0.6357395136433194
loading_focus_soft,equal,0.75,50,0.6842525392361637,0.7126279490958783,0.6968988544899776
loading_focus_soft,equal,0.75,80,0.8430139816705589,0.8002620198377005,0.7291694217277769
loading_focus_soft,equal,1.0,8,0.8076658900301033,0.7883925636915157,0.9662442884163911
loading_focus_soft,equal,1.0,12,0.49420488240891175,0.49544380327070087,0.988122654511857
loading_focus_soft,equal,1.0,20,0.746090346272475,0.7552596458930844,0.8234700102727195
loading_focus_soft,equal,1.0,30,0.6808596319797429,0.7124170354485352,0.6356834936174002
loading_focus_soft,equal,1.0,50,0.8382955353560143,0.8699975040784995,0.8368823998640096
loading_focus_soft,equal,1.0,80,0.9110058254296495,0.8462756990216886,0.8132934868494762
loading_focus_soft,method_type,0.0,8,0.36305118967804567,0.14264880804937002,-0.033320161265853875
loading_focus_soft,method_type,0.0,12,0.06549033835788164,0.17136172254407092,-0.016721990506611387
loading_focus_soft,method_type,0.0,20,0.4030696651429588,0.05559149350783444,0.012410851210236312
loading_focus_soft,method_type,0.0,30,0.5495680264487045,0.048356476615281606,0.023640622047608802
loading_focus_soft,method_type,0.0,50,0.7367637804177314,0.02185884386392316,0.015382193662459662
loading_focus_soft,method_type,0.0,80,0.7707314294794316,0.007489538850783935,0.004978802011727744
loading_focus_soft,method_type,0.25,8,0.42175089272373095,0.1030208732324526,-0.04674670212273416
loading_focus_soft,method_type,0.25,12,0.36064796813079436,0.03906137417316196,0.008136345836035872
loading_focus_soft,method_type,0.25,20,0.6164341567769334,0.036833555158823354,-0.0015356382875562628
loading_focus_soft,method_type,0.25,30,0.5880714956674592,0.023871084808584728,0.010287852772285022
loading_focus_soft,method_type,0.25,50,0.49400198438579546,0.05536385177456352,0.028882282959386125
loading_focus_soft,method_type,0.25,80,0.8153250382954208,0.017424913628644817,0.010301231086981985
loading_focus_soft,method_type,0.5,8,0.9462688391910605,0.9117610578781049,0.8691527895009166
loading_focus_soft,method_type,0.5,12,0.6816578742846253,0.8413523666084312,0.6432806805414836
loading_focus_soft,method_type,0.5,20,0.5848850821830909,0.5246934251432106,0.3771181558115
loading_focus_soft,method_type,0.5,30,0.6350352147537186,0.3849737785555911,0.26244454087311836
loading_focus_soft,method_type,0.5,50,0.5755415909951004,0.2587377058263179,0.14858438672123794
loading_focus_soft,method_type,0.5,80,0.6850374028404521,0.14014360920611818,0.09308246341729344
loading_focus_soft,method_type,0.75,8,0.9555299204872048,0.9808189631639535,0.9415946831732024
loading_focus_soft,method_type,0.75,12,0.5709983345663975,0.9158783723990873,0.5287966510183687
loading_focus_soft,method_type,0.75,20,0.9243332593480612,0.5262947818529797,0.5404542558814464
loading_focus_soft,method_type,0.75,30,0.7973793850809964,0.7783528435109535,0.7919543049889596
loading_focus_soft,method_type,0.75,50,0.9221103190699173,0.8479720267912944,0.7941948324088823
loading_focus_soft,method_type,0.75,80,0.8846756090685071,0.8826629746070869,0.8661033891170258
loading_focus_soft,method_type,1.0,8,1.0,1.0,1.0
loading_focus_soft,method_type,1.0,12,0.9966059016614789,0.9966059016614789,1.0
loading_focus_soft,method_type,1.0,20,0.8621335312880913,0.8621335312880913,1.0
loading_focus_soft,method_type,1.0,30,0.9669993400766832,0.962993618946224,0.9960467208725291
loading_focus_soft,method_type,1.0,50,0.9546613760271531,0.9090160116856162,0.9432451574402257
loading_focus_soft,method_type,1.0,80,1.0,1.0,1.0
loading_focus_soft,sequence,0.0,8,0.36305118967804567,0.14264880804937002,-0.033320161265853875
loading_focus_soft,sequence,0.0,12,0.06549033835788164,0.17136172254407092,-0.016721990506611387
loading_focus_soft,sequence,0.0,20,0.4030696651429588,0.05559149350783444,0.012410851210236312
loading_focus_soft,sequence,0.0,30,0.5495680264487045,0.048356476615281606,0.023640622047608802
loading_focus_soft,sequence,0.0,50,0.7367637804177314,0.02185884386392316,0.015382193662459662
loading_focus_soft,sequence,0.0,80,0.7707314294794316,0.007489538850783935,0.004978802011727744
loading_focus_soft,sequence,0.25,8,0.44876933647203116,0.21683226329741234,0.05593186748388414
loading_focus_soft,sequence,0.25,12,0.1015447128556976,0.22769390260043634,0.0009150432059527159
loading_focus_soft,sequence,0.25,20,0.5761039013425053,0.07081904535695523,-0.0018516681628447437
loading_focus_soft,sequence,0.25,30,0.6066097516538271,0.0398565005744462,0.021815619017671768
loading_focus_soft,sequence,0.25,50,0.7690565639420449,0.02154703304188556,0.013061378385951642
loading_focus_soft,sequence,0.25,80,0.8470323082603683,0.016840839631921404,0.014048856330975022
loading_focus_soft,sequence,0.5,8,0.483173296529034,0.1061466040072397,0.006574117519082803
loading_focus_soft,sequence,0.5,12,0.6318004479162137,0.0457917318727721,0.0235057744663871
loading_focus_soft,sequence,0.5,20,0.5160577814074147,0.05001223680166225,0.029465885306900842
loading_focus_soft,sequence,0.5,30,0.6087766463450891,0.07147828855715457,0.02865786757581813
loading_focus_soft,sequence,0.5,50,0.7267027644915538,0.36732815429983867,0.26394124558622734
loading_focus_soft,sequence,0.5,80,0.8071898980779341,0.4330181242972586,0.4167746431991323
loading_focus_soft,sequence,0.75,8,0.4347197843137676,0.5896138549366148,0.3470655524757311
loading_focus_soft,sequence,0.75,12,0.732111387965458,0.7086944758657756,0.7379104200901455
loading_focus_soft,sequence,0.75,20,0.7800239276636146,0.7222530389539112,0.7099074345710588
loading_focus_soft,sequence,0.75,30,0.7714243173455856,0.6750420403845042,0.732986173804767
loading_focus_soft,sequence,0.75,50,0.8269289694300802,0.6813456824064381,0.745384432980095
loading_focus_soft,sequence,0.75,80,0.8687850122772862,0.8339652497128452,0.8892255651212752
loading_focus_soft,sequence,1.0,8,0.1993922467678434,0.7089574395725365,0.35449842221323674
loading_focus_soft,sequence,1.0,12,0.6077464012405853,0.6938105976499059,0.8218586323267018
loading_focus_soft,sequence,1.0,20,0.6215957868638823,0.7391144485220112,0.8104942826885178
loading_focus_soft,sequence,1.0,30,0.7586860953476674,0.8402221654050952,0.8748326856183388
loading_focus_soft,sequence,1.0,50,0.8667738800070612,0.8992184190166282,0.7853096549299781
loading_focus_soft,sequence,1.0,80,0.9772604234890837,0.9273801548045355,0.9229107330094543
loading_focus_soft,settings_all,0.0,8,0.36305118967804567,0.14264880804937002,-0.033320161265853875
loading_focus_soft,settings_all,0.0,12,0.06549033835788164,0.17136172254407092,-0.016721990506611387
loading_focus_soft,settings_all,0.0,20,0.4030696651429588,0.05559149350783444,0.012410851210236312
loading_focus_soft,settings_all,0.0,30,0.5495680264487045,0.048356476615281606,0.023640622047608802
loading_focus_soft,settings_all,0.0,50,0.7367637804177314,0.02185884386392316,0.015382193662459662
loading_focus_soft,settings_all,0.0,80,0.7707314294794316,0.007489538850783935,0.004978802011727744
loading_focus_soft,settings_all,0.25,8,0.17717180125611404,0.16215533091199857,-0.04426747256577622
loading_focus_soft,settings_all,0.25,12,0.2796936509292187,0.14277565139633813,-0.051611423499886955
loading_focus_soft,settings_all,0.25,20,0.6853031826388475,0.0482023494363615,0.01429039793048762
loading_focus_soft,settings_all,0.25,30,0.6853145497114108,0.04177871933860167,0.021736283751657277
loading_focus_soft,settings_all,0.25,50,0.773038032180755,0.025592755060030187,0.017126858072469674
loading_focus_soft,settings_all,0.25,80,0.7732516219912606,0.016341067072441328,0.01382272516874976
loading_focus_soft,settings_all,0.5,8,0.36464888460527056,0.0062196064839454435,0.18003165353873973
loading_focus_soft,settings_all,0.5,12,0.6347701198422862,0.07058738125726388,0.06667404250487101
loading_focus_soft,settings_all,0.5,20,0.5247267714780576,0.05210552896875651,0.015308221398936318
loading_focus_soft,settings_all,0.5,30,0.7605832922616169,0.11926781769749087,0.08264083871186544
loading_focus_soft,settings_all,0.5,50,0.4396984648194946,0.38164172920994355,0.27045281408275373
loading_focus_soft,settings_all,0.5,80,0.6930983933950919,0.482339438334037,0.543910392197975
loading_focus_soft,settings_all,0.75,8,0.2572404927528334,0.6888154550344744,0.20784320451306482
loading_focus_soft,settings_all,0.75,12,0.28384863431964574,0.5930055241111892,0.28563620703047604
loading_focus_soft,settings_all,0.75,20,0.3636082080175883,0.5934901102968342,0.31204122986156785
loading_focus_soft,settings_all,0.75,30,0.4131306004117659,0.5463683900534194,0.4678835810303687
loading_focus_soft,settings_all,0.75,50,0.511990571908363,0.6311952811410554,0.479599730359491
loading_focus_soft,settings_all,0.75,80,0.733368219125537,0.7025771357504913,0.671972062782369
loading_focus_soft,settings_all,1.0,8,0.4029529608884506,0.4240043609844342,0.42099619756419515
loading_focus_soft,settings_all,1.0,12,0.254066730034447,0.202483799496021,0.3287212845855612
loading_focus_soft,settings_all,1.0,20,0.39138859117843094,0.35291500767185224,0.46999148932276247
loading_focus_soft,settings_all,1.0,30,0.4394924000852996,0.4065230252176012,0.4163107997344429
loading_focus_soft,settings_all,1.0,50,0.5180742041085082,0.5318428299266487,0.43967374941630627
loading_focus_soft,settings_all,1.0,80,0.7253568474381663,0.6901714578148063,0.6964570587894899
loading_focus_soft,settings_numeric,0.0,8,0.36305118967804567,0.14264880804937002,-0.033320161265853875
loading_focus_soft,settings_numeric,0.0,12,0.06549033835788164,0.17136172254407092,-0.016721990506611387
loading_focus_soft,settings_numeric,0.0,20,0.4030696651429588,0.05559149350783444,0.012410851210236312
loading_focus_soft,settings_numeric,0.0,30,0.5495680264487045,0.048356476615281606,0.023640622047608802
loading_focus_soft,settings_numeric,0.0,50,0.7367637804177314,0.02185884386392316,0.015382193662459662
loading_focus_soft,settings_numeric,0.0,80,0.7707314294794316,0.007489538850783935,0.004978802011727744
loading_focus_soft,settings_numeric,0.25,8,0.2561453578756673,0.15213526427661433,-0.038661426477354204
loading_focus_soft,settings_numeric,0.25,12,0.026534448464354998,0.14791566609588172,-0.03794698282853489
loading_focus_soft,settings_numeric,0.25,20,0.6624148602059345,0.05597721207888846,0.019433596037859355
loading_focus_soft,settings_numeric,0.25,30,0.6731764267853783,0.03782766751284821,0.021658406883036583
loading_focus_soft,settings_numeric,0.25,50,0.9308300356995779,0.018803013215495438,0.015623355052819884
loading_focus_soft,settings_numeric,0.25,80,0.7631289030868263,0.0134742706395362,0.012283538082392619
loading_focus_soft,settings_numeric,0.5,8,0.014163141296984795,0.011024154798591305,0.3116588474583016
loading_focus_soft,settings_numeric,0.5,12,0.5387722661996581,0.022156264650450664,0.03879586638258686
loading_focus_soft,settings_numeric,0.5,20,0.5265077838453194,0.04174246529839557,0.047886773989277626
loading_focus_soft,settings_numeric,0.5,30,0.632972612959778,0.06289433675393999,0.06401659706764068
loading_focus_soft,settings_numeric,0.5,50,0.5939144892948314,0.2922631557527686,0.24577189250820541
loading_focus_soft,settings_numeric,0.5,80,0.6478298311886946,0.4828280804778601,0.4593459721680307
loading_focus_soft,settings_numeric,0.75,8,0.18623682622346027,0.005798073051533422,0.015757811748379626
loading_focus_soft,settings_numeric,0.75,12,0.3361161830700709,0.2724111074850656,0.3019719676015207
loading_focus_soft,settings_numeric,0.75,20,0.47350812028405803,0.5637357140328889,0.3769647881717223
loading_focus_soft,settings_numeric,0.75,30,0.5341010187018598,0.5384137798046819,0.5105651193844218
loading_focus_soft,settings_numeric,0.75,50,0.5943995011286521,0.6268893835052325,0.47168635240160967
loading_focus_soft,settings_numeric,0.75,80,0.8039571241574164,0.6714628367516253,0.6219672983561364
loading_focus_soft,settings_numeric,1.0,8,0.5331810551321617,0.06846037267715772,0.15882503440714052
loading_focus_soft,settings_numeric,1.0,12,0.48466501702890186,0.4060049897764248,0.33175191196333104
loading_focus_soft,settings_numeric,1.0,20,0.3110640822545017,0.4359699342213593,0.22214877307837935
loading_focus_soft,settings_numeric,1.0,30,0.4350946760028563,0.4210807662945895,0.36076397657018305
loading_focus_soft,settings_numeric,1.0,50,0.5928508853619862,0.5523158430212798,0.5535061911555674
loading_focus_soft,settings_numeric,1.0,80,0.7205938520024394,0.6623342143246289,0.6007001368162439
loading_focus_soft,no_settings,0.0,8,0.36305118967804567,0.14264880804937002,-0.033320161265853875
loading_focus_soft,no_settings,0.0,12,0.06549033835788164,0.17136172254407092,-0.016721990506611387
loading_focus_soft,no_settings,0.0,20,0.4030696651429588,0.05559149350783444,0.012410851210236312
loading_focus_soft,no_settings,0.0,30,0.5495680264487045,0.048356476615281606,0.023640622047608802
loading_focus_soft,no_settings,0.0,50,0.7367637804177314,0.02185884386392316,0.015382193662459662
loading_focus_soft,no_settings,0.0,80,0.7707314294794316,0.007489538850783935,0.004978802011727744
loading_focus_soft,no_settings,0.25,8,0.2650417593578524,0.17483718483665592,-0.039716543163673554
loading_focus_soft,no_settings,0.25,12,0.07835274478656512,0.053587551097665234,-0.04504190374228991
loading_focus_soft,no_settings,0.25,20,0.8146928557615204,0.04339837997757952,0.01620631178472035
loading_focus_soft,no_settings,0.25,30,0.5844903421028983,0.032623609871658216,0.009960751856798273
loading_focus_soft,no_settings,0.25,50,0.6759828807207702,0.033653107982418454,0.017572794175289147
loading_focus_soft,no_settings,0.25,80,0.8697968614471574,0.01309033643994747,0.012330456779527939
loading_focus_soft,no_settings,0.5,8,0.39689375182176523,0.0916403543009508,0.024779657243762188
loading_focus_soft,no_settings,0.5,12,0.3120800509199096,0.03423657964581549,0.0258279971065608
loading_focus_soft,no_settings,0.5,20,0.3421873907357106,0.03381821416079906,0.02335430190603259
loading_focus_soft,no_settings,0.5,30,0.5459559601507226,0.07193467767829437,0.07889057852574947
loading_focus_soft,no_settings,0.5,50,0.5364024449855479,0.22191547204890208,0.13818800714671842
loading_focus_soft,no_settings,0.5,80,0.7760398762233374,0.40179547179000114,0.3732835228260775
loading_focus_soft,no_settings,0.75,8,0.9481982298523568,0.6809876708579055,0.665761651921089
loading_focus_soft,no_settings,0.75,12,0.9761203142857092,0.9032266111848805,0.8983985901142433
loading_focus_soft,no_settings,0.75,20,0.8147548117704777,0.672263514892463,0.5862967116979748
loading_focus_soft,no_settings,0.75,30,0.7762360271717427,0.7750374402939542,0.7458206672445921
loading_focus_soft,no_settings,0.75,50,0.8964770834964922,0.8078332048468729,0.7814430762830895
loading_focus_soft,no_settings,0.75,80,0.8416124143526691,0.9014354241508803,0.774902384037812
loading_focus_soft,no_settings,1.0,8,1.0,1.0,1.0
loading_focus_soft,no_settings,1.0,12,1.0,1.0,1.0
loading_focus_soft,no_settings,1.0,20,1.0,1.0,1.0
loading_focus_soft,no_settings,1.0,30,1.0,1.0,1.0
loading_focus_soft,no_settings,1.0,50,1.0,1.0,1.0
loading_focus_soft,no_settings,1.0,80,1.0,1.0,1.0
