process_family,samples,view,bound,requested_clusters,same_paper_cocluster,cross_paper_cocluster,same_paper_recall_lift,same_paper_precision,same_paper_precision_lift,paper_ari,paper_nmi,actual_clusters,largest_cluster_fraction,shared_author_pair_count,shared_author_cocluster,shared_author_lift,same_location_pair_count,same_location_cocluster,same_location_lift
In-Situ Polymerization,119,material_only,optimistic,4,1.0,0.31711409395973156,3.1534391534391535,0.18278301886792453,2.759827044025157,0.22193764918829256,0.5677040233667618,4,0.46218487394957986,57,0.0,0.0,0,,
In-Situ Polymerization,119,material_only,optimistic,8,0.9956989247311828,0.2292556436851739,4.343181736884653,0.23550356052899288,3.555850534352815,0.30663824698052866,0.7002658655752283,8,0.46218487394957986,57,0.0,0.0,0,,
In-Situ Polymerization,119,material_only,optimistic,12,0.9935483870967742,0.2153752287980476,4.613104267568308,0.24653148345784417,3.7223603125968254,0.32321597918265715,0.7455605371916562,12,0.46218487394957986,57,0.0,0.0,0,,
In-Situ Polymerization,119,material_only,optimistic,20,0.8795698924731182,0.0460646735814521,19.09423912269458,0.5752461322081576,8.685598052114997,0.6690765253902788,0.8847236283859341,20,0.2605042016806723,57,0.0,0.0,0,,
In-Situ Polymerization,119,material_only,reported,4,0.9956989247311828,0.6325503355704698,1.5741022788853714,0.10043383947939262,1.5164429827630441,0.07063956655561503,0.3762678897790229,4,0.7983193277310925,57,0.6666666666666666,1.0544333576701548,0,,
In-Situ Polymerization,119,material_only,reported,8,0.9956989247311828,0.23184868822452714,4.294606677985286,0.2334846192637418,3.52536669215211,0.30353841026048123,0.6937967376277006,8,0.46218487394957986,57,0.0,0.0,0,,
In-Situ Polymerization,119,material_only,reported,12,0.9935483870967742,0.2141549725442343,4.639389761970407,0.24758842443729903,3.738318984890917,0.3248009937547892,0.7496080817824895,12,0.46218487394957986,57,0.0,0.0,0,,
In-Situ Polymerization,119,material_only,reported,20,0.8881720430107527,0.03706528370957901,23.962370016372407,0.6295731707317073,9.505877917650142,0.7147295467877315,0.8971092642548696,20,0.23529411764705882,57,0.0,0.0,0,,
In-Situ Polymerization,119,material_only,pessimistic,4,1.0,0.6205003050640635,1.6116027531956734,0.10258107213765719,1.5488638870505185,0.0749415357301514,0.3921866936596139,4,0.7899159663865546,57,1.0,1.6202941909748192,0,,
In-Situ Polymerization,119,material_only,pessimistic,8,0.9935483870967742,0.22864551555826723,4.345365727689427,0.23559408465068843,3.5572173512526524,0.3066347404100251,0.6995641456602137,8,0.46218487394957986,57,0.0,0.0,0,,
In-Situ Polymerization,119,material_only,pessimistic,12,0.9354838709677419,0.14261744966442952,6.559392789373814,0.3175182481751825,4.794184129974099,0.4164001090492345,0.7688928388470665,12,0.3697478991596639,57,0.0,0.0,0,,
In-Situ Polymerization,119,material_only,pessimistic,20,0.9075268817204301,0.08282489322757779,10.957175389611676,0.43730569948186526,6.602845840993926,0.5499841401442481,0.8640193644434121,20,0.3277310924369748,57,0.0,0.0,0,,
In-Situ Polymerization,119,balanced,optimistic,4,1.0,0.5320317266625991,1.8795871559633028,0.11763217809258791,1.7761194029850746,0.10435187902432287,0.4548601599850102,4,0.7310924369747899,57,0.0,0.0,0,,
In-Situ Polymerization,119,balanced,optimistic,8,1.0,0.19112263575350824,5.232242617717478,0.27066356228172295,4.0867287543655415,0.3592215747816882,0.7453645495006319,8,0.42016806722689076,57,0.0,0.0,0,,
In-Situ Polymerization,119,balanced,optimistic,12,1.0,0.16366687004270897,6.1099720410065235,0.3023407022106632,4.5650195058517555,0.40364931614506233,0.8188599732486146,12,0.42016806722689076,57,0.0,0.0,0,,
In-Situ Polymerization,119,balanced,optimistic,20,0.9978494623655914,0.004881025015253203,204.43440860215054,0.9354838709677419,14.124800554977451,0.9631408448844485,0.9862446067899906,20,0.15966386554621848,57,0.0,0.0,0,,
In-Situ Polymerization,119,balanced,reported,4,1.0,0.5320317266625991,1.8795871559633028,0.11763217809258791,1.7761194029850746,0.10435187902432287,0.4548601599850102,4,0.7310924369747899,57,0.0,0.0,0,,
In-Situ Polymerization,119,balanced,reported,8,1.0,0.2170530811470409,4.607167955024596,0.24629237288135594,3.71875,0.32332055928742404,0.7310828212471666,8,0.46218487394957986,57,0.0,0.0,0,,
In-Situ Polymerization,119,balanced,reported,12,1.0,0.16244661378889566,6.155868544600939,0.30392156862745096,4.588888888888888,0.40580356238221643,0.8224846114684013,12,0.42016806722689076,57,0.0,0.0,0,,
In-Situ Polymerization,119,balanced,reported,20,0.9978494623655914,0.004881025015253203,204.43440860215054,0.9354838709677419,14.124800554977451,0.9631408448844485,0.9862446067899906,20,0.15966386554621848,57,0.0,0.0,0,,
In-Situ Polymerization,119,balanced,pessimistic,4,1.0,0.2684563758389262,3.725,0.20898876404494382,3.1555056179775276,0.26522069019648886,0.6190028910181518,4,0.46218487394957986,57,0.0,0.0,0,,
In-Situ Polymerization,119,balanced,pessimistic,8,1.0,0.20332519829164125,4.918229557389347,0.25862068965517243,3.9048943270300334,0.3416755161984592,0.7310911765062269,8,0.42016806722689076,57,0.0,0.0,0,,
In-Situ Polymerization,119,balanced,pessimistic,12,1.0,0.07336790726052471,13.629937629937631,0.4915433403805497,7.421775898520084,0.625882713694953,0.8730943994941,12,0.2184873949579832,57,0.0,0.0,0,,
In-Situ Polymerization,119,balanced,pessimistic,20,0.9698924731182795,0.015710799267846246,61.73412673556739,0.8140794223826715,12.291723923760722,0.8762712980023585,0.9555265289058649,20,0.15966386554621848,57,0.0,0.0,0,,
In-Situ Polymerization,119,sequence_focus,optimistic,4,1.0,0.26784624771201954,3.733485193621868,0.20936515083295812,3.1611886537595675,0.2658270090245411,0.6197242773012208,4,0.46218487394957986,57,0.0,0.0,0,,
In-Situ Polymerization,119,sequence_focus,optimistic,8,1.0,0.21217205613178766,4.713156002875629,0.2505387931034483,3.7828663793103448,0.3296885219223701,0.7394202147190256,8,0.46218487394957986,57,0.0,0.0,0,,
In-Situ Polymerization,119,sequence_focus,optimistic,12,1.0,0.06848688224527151,14.601336302895323,0.5087527352297593,7.6816192560175045,0.6430649034147541,0.8791738664503582,12,0.2184873949579832,57,0.0,0.0,0,,
In-Situ Polymerization,119,sequence_focus,optimistic,20,0.9956989247311828,0.004881025015253203,203.99381720430108,0.9353535353535354,14.122832627348755,0.9619870664876804,0.9854586517965193,20,0.15966386554621848,57,0.0,0.0,0,,
In-Situ Polymerization,119,sequence_focus,reported,4,1.0,0.26784624771201954,3.733485193621868,0.20936515083295812,3.1611886537595675,0.2658270090245411,0.6197242773012208,4,0.46218487394957986,57,0.0,0.0,0,,
In-Situ Polymerization,119,sequence_focus,reported,8,1.0,0.2170530811470409,4.607167955024596,0.24629237288135594,3.71875,0.32332055928742404,0.7310828212471666,8,0.46218487394957986,57,0.0,0.0,0,,
In-Situ Polymerization,119,sequence_focus,reported,12,1.0,0.07031726662599146,14.221258134490238,0.5021598272138229,7.582073434125269,0.6365334382328371,0.8790672958742334,12,0.2184873949579832,57,0.0,0.0,0,,
In-Situ Polymerization,119,sequence_focus,reported,20,0.9956989247311828,0.004881025015253203,203.99381720430108,0.9353535353535354,14.122832627348755,0.9619870664876804,0.9854586517965193,20,0.15966386554621848,57,0.0,0.0,0,,
In-Situ Polymerization,119,sequence_focus,pessimistic,4,1.0,0.26784624771201954,3.733485193621868,0.20936515083295812,3.1611886537595675,0.2658270090245411,0.6197242773012208,4,0.46218487394957986,57,0.0,0.0,0,,
In-Situ Polymerization,119,sequence_focus,pessimistic,8,1.0,0.18380109823062843,5.440663900414938,0.27844311377245506,4.204191616766466,0.37036006142861344,0.7528660461792986,8,0.42016806722689076,57,0.0,0.0,0,,
In-Situ Polymerization,119,sequence_focus,pessimistic,12,1.0,0.06848688224527151,14.601336302895323,0.5087527352297593,7.6816192560175045,0.6430649034147541,0.8791738664503582,12,0.2184873949579832,57,0.0,0.0,0,,
In-Situ Polymerization,119,sequence_focus,pessimistic,20,0.9827956989247312,0.004881025015253203,201.3502688172043,0.934560327198364,14.110856037117662,0.9550171192504433,0.9836161108659445,20,0.15966386554621848,57,0.0,0.0,0,,
In-Situ Polymerization,119,settings_focus,optimistic,4,1.0,0.4147345942647956,2.411180581095991,0.14604271356783918,2.205087939698492,0.1574865318808047,0.5236678419024094,4,0.6302521008403361,57,0.0,0.0,0,,
In-Situ Polymerization,119,settings_focus,optimistic,8,1.0,0.2231543624161074,4.481203007518797,0.2411825726141079,3.6415975103734435,0.315593202202021,0.7196893673426815,8,0.46218487394957986,57,0.0,0.0,0,,
In-Situ Polymerization,119,settings_focus,optimistic,12,1.0,0.1970713849908481,5.074303405572755,0.2646556630620376,3.99601593625498,0.3505149265550541,0.7936070764336364,12,0.46218487394957986,57,0.0,0.0,0,,
In-Situ Polymerization,119,settings_focus,optimistic,20,0.9935483870967742,0.025167785234899327,39.47698924731183,0.7368421052631579,11.12552348613469,0.833489887238838,0.9594313889485254,20,0.2184873949579832,57,0.0,0.0,0,,
In-Situ Polymerization,119,settings_focus,reported,4,1.0,0.4147345942647956,2.411180581095991,0.14604271356783918,2.205087939698492,0.1574865318808047,0.5236678419024094,4,0.6302521008403361,57,0.0,0.0,0,,
In-Situ Polymerization,119,settings_focus,reported,8,1.0,0.2231543624161074,4.481203007518797,0.2411825726141079,3.6415975103734435,0.315593202202021,0.7196893673426815,8,0.46218487394957986,57,0.0,0.0,0,,
In-Situ Polymerization,119,settings_focus,reported,12,1.0,0.08557046979865772,11.686274509803921,0.45321637426900585,6.8430799220272895,0.5860072769651795,0.8654217270477067,12,0.24369747899159663,57,0.0,0.0,0,,
In-Situ Polymerization,119,settings_focus,reported,20,0.9956989247311828,0.004881025015253203,203.99381720430108,0.9353535353535354,14.122832627348755,0.9619870664876804,0.9854586517965193,20,0.15966386554621848,57,0.0,0.0,0,,
In-Situ Polymerization,119,settings_focus,pessimistic,4,1.0,0.41442953020134227,2.4129554655870447,0.14613450659962288,2.206473915776241,0.15765338017065636,0.5152973454117522,4,0.6134453781512605,57,0.0,0.0,0,,
In-Situ Polymerization,119,settings_focus,pessimistic,8,1.0,0.2170530811470409,4.607167955024596,0.24629237288135594,3.71875,0.32332055928742404,0.7310828212471666,8,0.46218487394957986,57,0.0,0.0,0,,
In-Situ Polymerization,119,settings_focus,pessimistic,12,1.0,0.07031726662599146,14.221258134490238,0.5021598272138229,7.582073434125269,0.6365334382328371,0.8790672958742334,12,0.2184873949579832,57,0.0,0.0,0,,
In-Situ Polymerization,119,settings_focus,pessimistic,20,0.9763440860215054,0.025167785234899327,38.793405017921145,0.7334410339256866,11.074170966004829,0.824352595715139,0.9563177206906698,20,0.2184873949579832,57,0.0,0.0,0,,
In-Situ Polymerization,119,numeric_settings_focus,optimistic,4,1.0,0.4069554606467358,2.457271364317841,0.14842004468560485,2.2409830833067343,0.16179798448782676,0.5274552390346333,4,0.6218487394957983,57,1.0,2.4890846418996553,0,,
In-Situ Polymerization,119,numeric_settings_focus,optimistic,8,1.0,0.2170530811470409,4.607167955024596,0.24629237288135594,3.71875,0.32332055928742404,0.7310828212471666,8,0.46218487394957986,57,0.0,0.0,0,,
In-Situ Polymerization,119,numeric_settings_focus,optimistic,12,1.0,0.08572300183038438,11.665480427046264,0.4527750730282376,6.836416747809152,0.5855346650529788,0.8592575397406815,12,0.24369747899159663,57,0.0,0.0,0,,
In-Situ Polymerization,119,numeric_settings_focus,optimistic,20,0.9935483870967742,0.025167785234899327,39.47698924731183,0.7368421052631579,11.12552348613469,0.833489887238838,0.9594313889485254,20,0.2184873949579832,57,0.0,0.0,0,,
In-Situ Polymerization,119,numeric_settings_focus,reported,4,1.0,0.4069554606467358,2.457271364317841,0.14842004468560485,2.2409830833067343,0.16179798448782676,0.5274552390346333,4,0.6218487394957983,57,1.0,2.4890846418996553,0,,
In-Situ Polymerization,119,numeric_settings_focus,reported,8,1.0,0.2170530811470409,4.607167955024596,0.24629237288135594,3.71875,0.32332055928742404,0.7310828212471666,8,0.46218487394957986,57,0.0,0.0,0,,
In-Situ Polymerization,119,numeric_settings_focus,reported,12,1.0,0.08312995729103112,12.029357798165137,0.4603960396039604,6.951485148514851,0.5936522180068867,0.8659596207035486,12,0.24369747899159663,57,0.0,0.0,0,,
In-Situ Polymerization,119,numeric_settings_focus,reported,20,0.9956989247311828,0.004881025015253203,203.99381720430108,0.9353535353535354,14.122832627348755,0.9619870664876804,0.9854586517965193,20,0.15966386554621848,57,0.0,0.0,0,,
In-Situ Polymerization,119,numeric_settings_focus,pessimistic,4,1.0,0.41442953020134227,2.4129554655870447,0.14613450659962288,2.206473915776241,0.15765338017065636,0.5152973454117522,4,0.6134453781512605,57,0.0,0.0,0,,
In-Situ Polymerization,119,numeric_settings_focus,pessimistic,8,1.0,0.2170530811470409,4.607167955024596,0.24629237288135594,3.71875,0.32332055928742404,0.7310828212471666,8,0.46218487394957986,57,0.0,0.0,0,,
In-Situ Polymerization,119,numeric_settings_focus,pessimistic,12,1.0,0.07031726662599146,14.221258134490238,0.5021598272138229,7.582073434125269,0.6365334382328371,0.8790672958742334,12,0.2184873949579832,57,0.0,0.0,0,,
In-Situ Polymerization,119,numeric_settings_focus,pessimistic,20,0.978494623655914,0.025167785234899327,38.87885304659498,0.7338709677419355,11.080662504335761,0.8255016733689002,0.9568218509037073,20,0.2184873949579832,57,0.0,0.0,0,,
In-Situ Polymerization,119,process_only,optimistic,4,1.0,0.5745881635143381,1.7403769577913457,0.10987712665406427,1.659026465028355,0.0893113761207652,0.4402001305811059,4,0.7647058823529411,57,0.0,0.0,0,,
In-Situ Polymerization,119,process_only,optimistic,8,1.0,0.14399023794996949,6.944915254237289,0.33002129169623845,4.982966643009226,0.44054756890023655,0.7653972560266165,8,0.2773109243697479,57,0.0,0.0,0,,
In-Situ Polymerization,119,process_only,optimistic,12,1.0,0.07702867602196461,12.982178217821781,0.4793814432989691,7.238144329896906,0.6134752565535834,0.8706353608219631,12,0.24369747899159663,57,0.0,0.0,0,,
In-Situ Polymerization,119,process_only,optimistic,20,0.9827956989247312,0.005491153142159854,178.9780167264038,0.9269776876267748,13.996366332962548,0.9507111781362901,0.9830194024752027,20,0.15966386554621848,57,0.0,0.0,0,,
In-Situ Polymerization,119,process_only,reported,4,1.0,0.5489627821842586,1.8216171158655183,0.11441929133858268,1.7276082677165354,0.09814948211703309,0.4598784503883159,4,0.7478991596638656,57,0.0,0.0,0,,
In-Situ Polymerization,119,process_only,reported,8,1.0,0.14048200122025625,7.118349619978284,0.3354978354978355,5.065656565656566,0.44764660403859574,0.7724591987150388,8,0.2773109243697479,57,0.0,0.0,0,,
In-Situ Polymerization,119,process_only,reported,12,1.0,0.07550335570469799,13.244444444444444,0.484375,7.313541666666666,0.618596650067904,0.8702922815943146,12,0.24369747899159663,57,0.0,0.0,0,,
In-Situ Polymerization,119,process_only,reported,20,0.9827956989247312,0.008541793776693106,115.05729646697388,0.8908382066276803,13.45069902953321,0.9296740500900861,0.9793872014383495,20,0.15966386554621848,57,0.0,0.0,0,,
In-Situ Polymerization,119,process_only,pessimistic,4,1.0,0.5745881635143381,1.7403769577913457,0.10987712665406427,1.659026465028355,0.0893113761207652,0.4402001305811059,4,0.7647058823529411,57,0.0,0.0,0,,
In-Situ Polymerization,119,process_only,pessimistic,8,1.0,0.1452104942037828,6.88655462184874,0.32815808045165845,4.954834156669019,0.43811753344398385,0.764737964499698,8,0.2773109243697479,57,0.0,0.0,0,,
In-Situ Polymerization,119,process_only,pessimistic,12,1.0,0.08068944478340452,12.393194706994327,0.4678068410462777,7.06338028169014,0.6014570534290481,0.865938761770143,12,0.24369747899159663,57,0.0,0.0,0,,
In-Situ Polymerization,119,process_only,pessimistic,20,0.9827956989247312,0.005491153142159854,178.9780167264038,0.9269776876267748,13.996366332962548,0.9507111781362901,0.9830194024752027,20,0.15966386554621848,57,0.0,0.0,0,,
Melt Mixing,227,material_only,optimistic,4,0.9812297734627832,0.5295776984982992,1.8528532758180989,0.10614759837557765,1.7623249488232635,0.09297424679193897,0.3485144245176569,4,0.6828193832599119,132,1.0,1.897577964223524,0,,
Melt Mixing,227,material_only,optimistic,8,0.9812297734627832,0.184684310959927,5.313010988116319,0.2540214477211796,4.217413692877656,0.34045482973121943,0.6577265197519419,8,0.28193832599118945,132,0.9696969696969697,5.376391108120988,0,,
Melt Mixing,227,material_only,optimistic,12,0.9812297734627832,0.1293453911889156,7.586120884892192,0.32714717306862323,5.431490055911492,0.44011267729580344,0.7595400227353352,12,0.2687224669603524,132,0.7424242424242424,5.893668472807545,0,,
Melt Mixing,227,material_only,optimistic,20,0.8653721682847897,0.07313531900771592,11.832479573836155,0.43129032258064515,7.160535964088109,0.538576531445978,0.8238534219995076,20,0.2511013215859031,132,0.7424242424242424,10.690017290017291,0,,
Melt Mixing,227,material_only,reported,4,1.0,0.9266157803036589,1.0791959529032547,0.06469307428188593,1.0740725232392596,0.009450037961812862,0.11253682540187905,4,0.9647577092511013,132,1.0,1.0796667417248367,0,,
Melt Mixing,227,material_only,reported,8,0.9663430420711974,0.25437650377499377,3.7988691083118535,0.1958032786885246,3.2508413602843653,0.2505576484979903,0.5978675047423954,8,0.40969162995594716,132,1.0,3.995666666666667,0,,
Melt Mixing,227,material_only,reported,12,0.8757281553398059,0.13706131253629802,6.389316862173534,0.29053038436761863,4.8235565627273695,0.38025207534522465,0.717163727813497,12,0.30837004405286345,132,1.0,7.558007566204288,0,,
Melt Mixing,227,material_only,reported,20,0.8394822006472492,0.06600016593379242,12.719395304087108,0.44909972299168976,7.456218119391479,0.5498276918284195,0.8247798972569561,20,0.2290748898678414,132,0.7424242424242424,11.921553106415798,0,,
Melt Mixing,227,material_only,pessimistic,4,1.0,0.9266157803036589,1.0791959529032547,0.06469307428188593,1.0740725232392596,0.009450037961812862,0.11253682540187905,4,0.9647577092511013,132,1.0,1.0796667417248367,0,,
Melt Mixing,227,material_only,pessimistic,8,0.972168284789644,0.46876296357753255,2.073901652490191,0.11732541790345259,1.9479056923245712,0.11416245142582972,0.4714653481208798,8,0.6784140969162996,132,1.0,2.1466690544412605,0,,
Melt Mixing,227,material_only,pessimistic,12,0.8750809061488674,0.2191155728864183,3.993695631129231,0.20379861320470305,3.3835846131481153,0.2581147540632876,0.6338906827773906,12,0.41409691629955947,132,1.0,4.6551456310679615,0,,
Melt Mixing,227,material_only,pessimistic,20,0.7902912621359224,0.10806438231145774,7.313152078713452,0.31913225300575015,5.298421632265694,0.4034754461801542,0.7246202415941339,20,0.2555066079295154,132,0.7348484848484849,7.024424870716737,0,,
Melt Mixing,227,balanced,optimistic,4,1.0,0.8665062640006638,1.154059747223286,0.06887175143761423,1.1434493826059824,0.018220377614972392,0.1688035393345351,4,0.933920704845815,132,1.0,1.1550395066486798,0,,
Melt Mixing,227,balanced,optimistic,8,1.0,0.3640587405625156,2.746809480401094,0.14969479701579305,2.4853211898071894,0.17384468593175006,0.5677415593557918,8,0.5770925110132159,132,0.9696969696969697,2.688195554060494,0,,
Melt Mixing,227,balanced,optimistic,12,1.0,0.10399900439724549,9.615476665337058,0.38129318854886474,6.330454096742349,0.5092861150604496,0.7901722899898022,12,0.2687224669603524,132,0.9696969696969697,9.771969378526757,0,,
Melt Mixing,227,balanced,optimistic,20,1.0,0.03281340745042728,30.475347661188366,0.6613869863013698,10.980736301369863,0.7802532458200803,0.9115390731753784,20,0.15859030837004406,132,0.7424242424242424,25.683807774716865,0,,
Melt Mixing,227,balanced,reported,4,0.997411003236246,0.2841201360657098,3.5105255722022113,0.1836710369487485,3.049414737069481,0.23209786176977185,0.5582290355930317,4,0.44493392070484583,132,0.9696969696969697,3.458936936693223,0,,
Melt Mixing,227,balanced,reported,8,0.997411003236246,0.16585082552061728,6.013904363184829,0.27820906300776316,4.618990728292642,0.3763202418058636,0.688233464285664,8,0.2907488986784141,132,0.9696969696969697,6.007109858272649,0,,
Melt Mixing,227,balanced,reported,12,0.997411003236246,0.11105119057496059,8.981542638779585,0.36533902323376005,6.065573647229242,0.4898081981099729,0.7753622217440634,12,0.2511013215859031,132,0.9696969696969697,9.12024917674192,0,,
Melt Mixing,227,balanced,reported,20,0.9585760517799353,0.06442379490583257,14.879223634389648,0.488134475939354,8.10429607917176,0.616234886120318,0.8555306613977098,20,0.2290748898678414,132,0.9696969696969697,16.31404572036151,0,,
Melt Mixing,227,balanced,pessimistic,4,0.9980582524271845,0.6067783954202274,1.6448480367135918,0.09536767889170635,1.5833503762143428,0.07206741145021249,0.35364789975237493,4,0.775330396475771,132,0.9696969696969697,1.6033874854483174,0,,
Melt Mixing,227,balanced,pessimistic,8,0.9980582524271845,0.17510163444785531,5.699879704574676,0.26756897449245187,4.442337711783743,0.3613325819975142,0.6792909990654421,8,0.3039647577092511,132,0.9696969696969697,5.6798229053298686,0,,
Melt Mixing,227,balanced,pessimistic,12,0.9980582524271845,0.12395254293536878,8.05193849832989,0.3403973509933775,5.651477314130179,0.4590637276287019,0.7681491436930694,12,0.2555066079295154,132,0.9696969696969697,8.128501801229074,0,,
Melt Mixing,227,balanced,pessimistic,20,0.9941747572815534,0.04708371359827429,21.115045549805394,0.5750655185323849,9.547576450404016,0.7062330179028937,0.880626377388735,20,0.18061674008810572,132,0.8636363636363636,20.278960021369425,0,,
Melt Mixing,227,sequence_focus,optimistic,4,1.0,0.5137725047705965,1.946386758175212,0.11091170136396267,1.8414213926776741,0.10233773547333007,0.40924065225505135,4,0.6916299559471366,132,0.9696969696969697,1.8966725260271806,0,,
Melt Mixing,227,sequence_focus,optimistic,8,1.0,0.18335684062059238,5.453846153846154,0.25901089689857504,4.300251466890193,0.3491804814451943,0.6822889191470963,8,0.30837004405286345,132,0.9696969696969697,5.416476037165692,0,,
Melt Mixing,227,sequence_focus,optimistic,12,1.0,0.09727868580436407,10.279744136460554,0.397172236503856,6.594087403598971,0.527826843976657,0.7941772583358075,12,0.2511013215859031,132,0.9696969696969697,10.486023974521945,0,,
Melt Mixing,227,sequence_focus,optimistic,20,1.0,0.027669459885505683,36.14092953523238,0.6984629294755877,11.596292947558771,0.808911843648737,0.9197404032107516,20,0.15418502202643172,132,0.7424242424242424,31.28098205251105,0,,
Melt Mixing,227,sequence_focus,reported,4,0.997411003236246,0.23558450178378826,4.233771728123428,0.21343490304709142,3.543571972854979,0.2802006792226681,0.5893622324572005,4,0.3524229074889868,132,0.7727272727272727,3.321743524540727,0,,
Melt Mixing,227,sequence_focus,reported,8,0.997411003236246,0.13847174977184104,7.202992703419096,0.3158434105349457,5.243818332447827,0.42737304285787936,0.7276473023237018,8,0.2643171806167401,132,0.7424242424242424,5.493481107369996,0,,
Melt Mixing,227,sequence_focus,reported,12,0.997411003236246,0.09313034099394342,10.709839485083718,0.4070258848388801,6.757683477024021,0.538659716049697,0.8029033908624643,12,0.2511013215859031,132,0.7424242424242424,8.290115876981272,0,,
Melt Mixing,227,sequence_focus,reported,20,0.9533980582524272,0.05894797975607732,16.17354932599086,0.5089841050449205,8.450453901946444,0.6349972082682228,0.8604637293784174,20,0.2290748898678414,132,0.7424242424242424,13.453423120089786,0,,
Melt Mixing,227,sequence_focus,pessimistic,4,0.9980582524271845,0.408363063137808,2.4440463463033026,0.13542947479360617,2.24847990804582,0.14813966977293383,0.4441275901580822,4,0.5066079295154186,132,1.0,2.4684925864909393,0,,
Melt Mixing,227,sequence_focus,pessimistic,8,0.9980582524271845,0.1595868248568821,6.254014097481078,0.28613843013546114,4.750638751718261,0.3874132490266359,0.6968411089840887,8,0.2555066079295154,132,0.9696969696969697,6.251012409657207,0,,
Melt Mixing,227,sequence_focus,pessimistic,12,0.9980582524271845,0.1277690201609558,7.811426049678476,0.3336218087408048,5.538985770880508,0.45046712116666804,0.763233859121825,12,0.2555066079295154,132,0.9696969696969697,7.875174509320851,0,,
Melt Mixing,227,sequence_focus,pessimistic,20,0.9980582524271845,0.03509499709615863,28.43876150473961,0.6457286432160804,10.720767266754484,0.7670995319328889,0.9004959077351958,20,0.15418502202643172,132,0.9696969696969697,32.37815480712417,0,,
Melt Mixing,227,settings_focus,optimistic,4,0.997411003236246,0.5683647224757322,1.754878450041088,0.10110221755675108,1.6785585647561307,0.08333282638718062,0.340654135300453,4,0.7268722466960352,132,1.0,1.7668214312034785,0,,
Melt Mixing,227,settings_focus,optimistic,8,0.997411003236246,0.1704969717082884,5.850021811195364,0.2726950982127057,4.5274446370576795,0.36855962248548835,0.6774802787441425,8,0.2599118942731278,132,1.0,6.026646556058321,0,,
Melt Mixing,227,settings_focus,optimistic,12,0.997411003236246,0.1259022649962665,7.922105319279388,0.336756993006993,5.591037946681151,0.4543751197024096,0.7669706681750349,12,0.2599118942731278,132,0.7424242424242424,6.060224306393867,0,,
Melt Mixing,227,settings_focus,optimistic,20,0.997411003236246,0.0568323239027628,17.55006543358609,0.5293713500515287,8.788934951567484,0.6653132884354229,0.8825982358698345,20,0.2290748898678414,132,0.7424242424242424,13.992829235753765,0,,
Melt Mixing,227,settings_focus,reported,4,0.997411003236246,0.20463784949805028,4.87402992986275,0.2380290392338585,3.9518983076943073,0.31801118277813245,0.6106883075600233,4,0.2775330396475771,132,1.0,4.993543011872527,0,,
Melt Mixing,227,settings_focus,reported,8,0.997411003236246,0.14502613457230565,6.87745699199455,0.3059360730593607,5.079330880288454,0.4142482112284687,0.7149220468515605,8,0.2687224669603524,132,0.7727272727272727,5.4582686023463864,0,,
Melt Mixing,227,settings_focus,reported,12,0.997411003236246,0.12963577532564508,7.693948686084142,0.33026146592370337,5.483195380199946,0.4460887108119582,0.7555564039703507,12,0.2643171806167401,132,0.7424242424242424,5.880039242774624,0,,
Melt Mixing,227,settings_focus,reported,20,0.9585760517799353,0.06546088110843773,14.643494489358126,0.4841451454723766,8.038062865056267,0.6123246988487098,0.8536557704012214,20,0.2290748898678414,132,0.7424242424242424,12.026269451269451,0,,
Melt Mixing,227,settings_focus,pessimistic,4,0.9980582524271845,0.5129843192566166,1.9455921262340055,0.11087144089732529,1.8407529646972758,0.10223832808554949,0.3985129658748864,4,0.6916299559471366,132,1.0,1.9596207291155794,0,,
Melt Mixing,227,settings_focus,pessimistic,8,0.9980582524271845,0.15041898282585248,6.635188150306043,0.298374613003096,4.9537910667588445,0.40414877563019375,0.7088792949875561,8,0.2643171806167401,132,1.0,6.86147681740126,0,,
Melt Mixing,227,settings_focus,pessimistic,12,0.9980582524271845,0.12113166846428275,8.23944939486634,0.34558493948901836,5.737604713807644,0.4655812250236509,0.7690950427810925,12,0.2511013215859031,132,0.9696969696969697,8.3264739081358,0,,
Melt Mixing,227,settings_focus,pessimistic,20,0.9980582524271845,0.04612959429187754,21.635964238318085,0.5810097965335342,9.646266854939602,0.7125763316641792,0.8980502450044902,20,0.22026431718061673,132,0.9696969696969697,23.625523527962553,0,,
Melt Mixing,227,numeric_settings_focus,optimistic,4,0.997411003236246,0.5396166929395171,1.8483694375778712,0.10591793250395216,1.7585119007500822,0.09269551560800218,0.3535552316955071,4,0.6960352422907489,132,0.9696969696969697,1.8049313005834746,0,,
Melt Mixing,227,numeric_settings_focus,optimistic,8,0.997411003236246,0.16489670621422053,6.048701797235961,0.2793691080493111,4.638250479335197,0.377943523938791,0.6857384439599614,8,0.2599118942731278,132,0.9696969696969697,6.043024474009658,0,,
Melt Mixing,227,numeric_settings_focus,optimistic,12,0.997411003236246,0.1259022649962665,7.922105319279388,0.336756993006993,5.591037946681151,0.4543751197024096,0.7669706681750349,12,0.2599118942731278,132,0.7424242424242424,6.060224306393867,0,,
Melt Mixing,227,numeric_settings_focus,optimistic,20,0.9896440129449838,0.056583423214137556,17.489998956049693,0.5285171102661597,8.774752359506317,0.6625504452974577,0.8782000262793147,20,0.2290748898678414,132,0.7424242424242424,14.059145961989564,0,,
Melt Mixing,227,numeric_settings_focus,reported,4,0.997411003236246,0.36260681987886834,2.7506680750501022,0.14987356545419178,2.488289208715517,0.17409602442641678,0.5183212167872253,4,0.5682819383259912,132,0.7727272727272727,2.144387502762315,0,,
Melt Mixing,227,numeric_settings_focus,reported,8,0.997411003236246,0.18368870820542604,5.429898293589193,0.2581671971854582,4.286243867316627,0.3477514329473318,0.6803779408978817,8,0.3039647577092511,132,0.7424242424242424,4.110595563020505,0,,
Melt Mixing,227,numeric_settings_focus,reported,12,0.997411003236246,0.12752011947233055,7.821597151598225,0.3339111592632719,5.543789738681028,0.45075560099870743,0.7625163118010144,12,0.2643171806167401,132,0.7424242424242424,5.980806044314109,0,,
Melt Mixing,227,numeric_settings_focus,reported,20,0.9585760517799353,0.0633452252551232,15.132569943816058,0.4923537234042553,8.174346510707155,0.6203450094178496,0.8585911133829256,20,0.2290748898678414,132,0.7424242424242424,12.455478507962763,0,,
Melt Mixing,227,numeric_settings_focus,pessimistic,4,0.9980582524271845,0.4126358582925413,2.4187385375499857,0.13421533640873878,2.228322067456672,0.1459226724723044,0.4402932596623232,4,0.5110132158590308,132,0.9696969696969697,2.367605168705077,0,,
Melt Mixing,227,numeric_settings_focus,pessimistic,8,0.9980582524271845,0.14763959180287065,6.760098969657125,0.3022936679082533,5.018857524604923,0.4094355216554554,0.7093057070526659,8,0.2511013215859031,132,0.9696969696969697,6.775725780097683,0,,
Melt Mixing,227,numeric_settings_focus,pessimistic,12,0.9980582524271845,0.11291794573964987,8.838792150260732,0.3616322701688555,6.0040319495801375,0.485397096576678,0.7813555748307169,12,0.2511013215859031,132,0.9696969696969697,8.962033597345856,0,,
Melt Mixing,227,numeric_settings_focus,pessimistic,20,0.9980582524271845,0.05019497220608977,19.883629944636123,0.5603197674418605,9.30275880559946,0.6941105903403159,0.8887412472068764,20,0.22026431718061673,132,0.9696969696969697,21.48568867977371,0,,
Melt Mixing,227,process_only,optimistic,4,0.9954692556634305,0.4976354434580602,2.0003986226260966,0.11363972218117334,1.8867136010804384,0.10749418453912331,0.4145381072281665,4,0.6916299559471366,132,0.7727272727272727,1.5575385603130685,0,,
Melt Mixing,227,process_only,optimistic,8,0.9954692556634305,0.24852733759230067,4.00547185395137,0.20427679638730242,3.391523691993977,0.265583966025639,0.636568013152187,8,0.45374449339207046,132,0.7424242424242424,3.02034257388067,0,,
Melt Mixing,227,process_only,optimistic,12,0.9877022653721683,0.1091844354102713,9.046181918336432,0.367003367003367,6.093206062785351,0.4903995058192431,0.765708720040201,12,0.23788546255506607,132,0.7424242424242424,7.024024778168425,0,,
Melt Mixing,227,process_only,optimistic,20,0.9851132686084142,0.04986310462125612,19.756356450145116,0.5587371512481645,9.276483279395901,0.6891540183734284,0.8716712024994435,20,0.17180616740088106,132,0.0,0.0,0,,
Melt Mixing,227,process_only,reported,4,0.997411003236246,0.24927403965817638,4.001263046099675,0.20410596026490066,3.38868737006794,0.2654086396560363,0.5822184359167014,4,0.3920704845814978,132,0.7727272727272727,3.1361712605999044,0,,
Melt Mixing,227,process_only,reported,8,0.997411003236246,0.10387455405293287,9.602072541538718,0.380964153275649,6.32499125933571,0.5084980644822172,0.7633631690226103,8,0.2026431718061674,132,0.7727272727272727,7.7124744531072595,0,,
Melt Mixing,227,process_only,reported,12,0.9954692556634305,0.08740562515556292,11.38907540437715,0.42194787379972565,7.005427126755186,0.5550327885694442,0.7993252778209687,12,0.19383259911894274,132,0.7424242424242424,8.859571322985957,0,,
Melt Mixing,227,process_only,reported,20,0.9877022653721683,0.03766697087861943,26.221972256675652,0.6269515201314708,10.409018409639067,0.7484937241410159,0.8927997419048336,20,0.17180616740088106,132,0.0,0.0,0,,
Melt Mixing,227,process_only,pessimistic,4,0.9980582524271845,0.36978345640089605,2.6990343541630817,0.1474751338944147,2.4484690352916707,0.16985039713353037,0.47502518258652665,4,0.45374449339207046,132,0.7727272727272727,2.1022882020385425,0,,
Melt Mixing,227,process_only,pessimistic,8,0.9954692556634305,0.15041898282585248,6.617976248489425,0.2978311386522076,4.9447679854807625,0.4031472372328911,0.7002395905270349,8,0.23788546255506607,132,0.7727272727272727,5.25691363120421,0,,
Melt Mixing,227,process_only,pessimistic,12,0.9954692556634305,0.0884841948062723,11.250249356316294,0.4189594116044674,6.955810917194948,0.5517179083375748,0.798146189440166,12,0.21585903083700442,132,0.0,0.0,0,,
Melt Mixing,227,process_only,pessimistic,20,0.9877022653721683,0.03675433502032689,26.8730821772703,0.632669983416252,10.503959705249374,0.753166755073719,0.8938574672154425,20,0.17180616740088106,132,0.0,0.0,0,,
Other Processing,27,material_only,optimistic,4,1.0,0.20599250936329588,4.8545454545454545,0.60431654676259,2.5251798561151078,0.6484951111596657,0.8545557931651183,4,0.5925925925925926,0,,,0,,
Other Processing,27,material_only,optimistic,8,0.9047619047619048,0.0,,1.0,4.178571428571429,0.9352876106194691,0.9288020777156706,8,0.4074074074074074,0,,,0,,
Other Processing,27,material_only,optimistic,12,0.6785714285714286,0.0,,1.0,4.178571428571429,0.7625704622322436,0.8325516865543443,12,0.37037037037037035,0,,,0,,
Other Processing,27,material_only,optimistic,20,0.2619047619047619,0.0,,1.0,4.178571428571429,0.3505819158460161,0.6919033348129171,20,0.25925925925925924,0,,,0,,
Other Processing,27,material_only,reported,4,1.0,0.24719101123595505,4.045454545454546,0.56,2.3400000000000003,0.5931078090420487,0.835815526241104,4,0.6296296296296297,0,,,0,,
Other Processing,27,material_only,reported,8,0.9166666666666666,0.0,,1.0,4.178571428571429,0.9436144578313252,0.9310269169216716,8,0.4074074074074074,0,,,0,,
Other Processing,27,material_only,reported,12,0.6904761904761905,0.0,,1.0,4.178571428571429,0.7724076013766272,0.8347955589921153,12,0.37037037037037035,0,,,0,,
Other Processing,27,material_only,reported,20,0.2619047619047619,0.0,,1.0,4.178571428571429,0.3505819158460161,0.6919033348129171,20,0.25925925925925924,0,,,0,,
Other Processing,27,material_only,pessimistic,4,1.0,0.24719101123595505,4.045454545454546,0.56,2.3400000000000003,0.5931078090420487,0.835815526241104,4,0.6296296296296297,0,,,0,,
Other Processing,27,material_only,pessimistic,8,0.7738095238095238,0.0,,1.0,4.178571428571429,0.8388312912346843,0.9014448039598569,8,0.37037037037037035,0,,,0,,
Other Processing,27,material_only,pessimistic,12,0.6904761904761905,0.0,,1.0,4.178571428571429,0.7724076013766272,0.8347955589921153,12,0.37037037037037035,0,,,0,,
Other Processing,27,material_only,pessimistic,20,0.2619047619047619,0.0,,1.0,4.178571428571429,0.3505819158460161,0.6919033348129171,20,0.25925925925925924,0,,,0,,
Other Processing,27,balanced,optimistic,4,1.0,0.20599250936329588,4.8545454545454545,0.60431654676259,2.5251798561151078,0.6484951111596657,0.8545557931651183,4,0.5925925925925926,0,,,0,,
Other Processing,27,balanced,optimistic,8,0.8809523809523809,0.0,,1.0,4.178571428571429,0.9184214196067494,0.9223169289626381,8,0.4074074074074074,0,,,0,,
Other Processing,27,balanced,optimistic,12,0.75,0.0,,1.0,4.178571428571429,0.8202764976958525,0.8377062037470737,12,0.4074074074074074,0,,,0,,
Other Processing,27,balanced,optimistic,20,0.09523809523809523,0.0,,1.0,4.178571428571429,0.13803799922450563,0.6638474155765095,20,0.1111111111111111,0,,,0,,
Other Processing,27,balanced,reported,4,1.0,0.20599250936329588,4.8545454545454545,0.60431654676259,2.5251798561151078,0.6484951111596657,0.8545557931651183,4,0.5925925925925926,0,,,0,,
Other Processing,27,balanced,reported,8,0.8809523809523809,0.0,,1.0,4.178571428571429,0.9184214196067494,0.9223169289626381,8,0.4074074074074074,0,,,0,,
Other Processing,27,balanced,reported,12,0.75,0.0,,1.0,4.178571428571429,0.8202764976958525,0.8377062037470737,12,0.4074074074074074,0,,,0,,
Other Processing,27,balanced,reported,20,0.09523809523809523,0.0,,1.0,4.178571428571429,0.13803799922450563,0.6638474155765095,20,0.1111111111111111,0,,,0,,
Other Processing,27,balanced,pessimistic,4,1.0,0.20599250936329588,4.8545454545454545,0.60431654676259,2.5251798561151078,0.6484951111596657,0.8545557931651183,4,0.5925925925925926,0,,,0,,
Other Processing,27,balanced,pessimistic,8,0.7738095238095238,0.0,,1.0,4.178571428571429,0.8388312912346843,0.9014448039598569,8,0.37037037037037035,0,,,0,,
Other Processing,27,balanced,pessimistic,12,0.6547619047619048,0.0,,1.0,4.178571428571429,0.7426230751725708,0.8249774677225717,12,0.37037037037037035,0,,,0,,
Other Processing,27,balanced,pessimistic,20,0.11904761904761904,0.0,,1.0,4.178571428571429,0.1705307530178195,0.6687430855107964,20,0.14814814814814814,0,,,0,,
Other Processing,27,sequence_focus,optimistic,4,1.0,0.24719101123595505,4.045454545454546,0.56,2.3400000000000003,0.5931078090420487,0.835815526241104,4,0.6296296296296297,0,,,0,,
Other Processing,27,sequence_focus,optimistic,8,0.9166666666666666,0.0,,1.0,4.178571428571429,0.9436144578313252,0.9310269169216716,8,0.4074074074074074,0,,,0,,
Other Processing,27,sequence_focus,optimistic,12,0.6904761904761905,0.0,,1.0,4.178571428571429,0.7724076013766272,0.8347955589921153,12,0.37037037037037035,0,,,0,,
Other Processing,27,sequence_focus,optimistic,20,0.2619047619047619,0.0,,1.0,4.178571428571429,0.3505819158460161,0.6919033348129171,20,0.25925925925925924,0,,,0,,
Other Processing,27,sequence_focus,reported,4,1.0,0.24719101123595505,4.045454545454546,0.56,2.3400000000000003,0.5931078090420487,0.835815526241104,4,0.6296296296296297,0,,,0,,
Other Processing,27,sequence_focus,reported,8,0.9166666666666666,0.0,,1.0,4.178571428571429,0.9436144578313252,0.9310269169216716,8,0.4074074074074074,0,,,0,,
Other Processing,27,sequence_focus,reported,12,0.6904761904761905,0.0,,1.0,4.178571428571429,0.7724076013766272,0.8347955589921153,12,0.37037037037037035,0,,,0,,
Other Processing,27,sequence_focus,reported,20,0.2619047619047619,0.0,,1.0,4.178571428571429,0.3505819158460161,0.6919033348129171,20,0.25925925925925924,0,,,0,,
Other Processing,27,sequence_focus,pessimistic,4,1.0,0.24719101123595505,4.045454545454546,0.56,2.3400000000000003,0.5931078090420487,0.835815526241104,4,0.6296296296296297,0,,,0,,
Other Processing,27,sequence_focus,pessimistic,8,0.7738095238095238,0.0,,1.0,4.178571428571429,0.8388312912346843,0.9014448039598569,8,0.37037037037037035,0,,,0,,
Other Processing,27,sequence_focus,pessimistic,12,0.6904761904761905,0.0,,1.0,4.178571428571429,0.7724076013766272,0.8347955589921153,12,0.37037037037037035,0,,,0,,
Other Processing,27,sequence_focus,pessimistic,20,0.2619047619047619,0.0,,1.0,4.178571428571429,0.3505819158460161,0.6919033348129171,20,0.25925925925925924,0,,,0,,
Other Processing,27,settings_focus,optimistic,4,1.0,0.20599250936329588,4.8545454545454545,0.60431654676259,2.5251798561151078,0.6484951111596657,0.8545557931651183,4,0.5925925925925926,0,,,0,,
Other Processing,27,settings_focus,optimistic,8,0.9047619047619048,0.0,,1.0,4.178571428571429,0.9352876106194691,0.9288020777156706,8,0.4074074074074074,0,,,0,,
Other Processing,27,settings_focus,optimistic,12,0.6785714285714286,0.0,,1.0,4.178571428571429,0.7625704622322436,0.8325516865543443,12,0.37037037037037035,0,,,0,,
Other Processing,27,settings_focus,optimistic,20,0.2619047619047619,0.0,,1.0,4.178571428571429,0.3505819158460161,0.6919033348129171,20,0.25925925925925924,0,,,0,,
Other Processing,27,settings_focus,reported,4,1.0,0.20599250936329588,4.8545454545454545,0.60431654676259,2.5251798561151078,0.6484951111596657,0.8545557931651183,4,0.5925925925925926,0,,,0,,
Other Processing,27,settings_focus,reported,8,0.9523809523809523,0.0,,1.0,4.178571428571429,0.9681805819961925,0.943550606174184,8,0.4074074074074074,0,,,0,,
Other Processing,27,settings_focus,reported,12,0.6785714285714286,0.0,,1.0,4.178571428571429,0.7625704622322436,0.8325516865543443,12,0.37037037037037035,0,,,0,,
Other Processing,27,settings_focus,reported,20,0.2619047619047619,0.0,,1.0,4.178571428571429,0.3505819158460161,0.6919033348129171,20,0.25925925925925924,0,,,0,,
Other Processing,27,settings_focus,pessimistic,4,1.0,0.24719101123595505,4.045454545454546,0.56,2.3400000000000003,0.5931078090420487,0.835815526241104,4,0.6296296296296297,0,,,0,,
Other Processing,27,settings_focus,pessimistic,8,0.7738095238095238,0.0,,1.0,4.178571428571429,0.8388312912346843,0.9014448039598569,8,0.37037037037037035,0,,,0,,
Other Processing,27,settings_focus,pessimistic,12,0.6904761904761905,0.0,,1.0,4.178571428571429,0.7724076013766272,0.8347955589921153,12,0.37037037037037035,0,,,0,,
Other Processing,27,settings_focus,pessimistic,20,0.2619047619047619,0.0,,1.0,4.178571428571429,0.3505819158460161,0.6919033348129171,20,0.25925925925925924,0,,,0,,
Other Processing,27,numeric_settings_focus,optimistic,4,1.0,0.20599250936329588,4.8545454545454545,0.60431654676259,2.5251798561151078,0.6484951111596657,0.8545557931651183,4,0.5925925925925926,0,,,0,,
Other Processing,27,numeric_settings_focus,optimistic,8,0.9047619047619048,0.0,,1.0,4.178571428571429,0.9352876106194691,0.9288020777156706,8,0.4074074074074074,0,,,0,,
Other Processing,27,numeric_settings_focus,optimistic,12,0.6785714285714286,0.0,,1.0,4.178571428571429,0.7625704622322436,0.8325516865543443,12,0.37037037037037035,0,,,0,,
Other Processing,27,numeric_settings_focus,optimistic,20,0.2619047619047619,0.0,,1.0,4.178571428571429,0.3505819158460161,0.6919033348129171,20,0.25925925925925924,0,,,0,,
Other Processing,27,numeric_settings_focus,reported,4,1.0,0.20599250936329588,4.8545454545454545,0.60431654676259,2.5251798561151078,0.6484951111596657,0.8545557931651183,4,0.5925925925925926,0,,,0,,
Other Processing,27,numeric_settings_focus,reported,8,0.9523809523809523,0.0,,1.0,4.178571428571429,0.9681805819961925,0.943550606174184,8,0.4074074074074074,0,,,0,,
Other Processing,27,numeric_settings_focus,reported,12,0.6785714285714286,0.0,,1.0,4.178571428571429,0.7625704622322436,0.8325516865543443,12,0.37037037037037035,0,,,0,,
Other Processing,27,numeric_settings_focus,reported,20,0.2619047619047619,0.0,,1.0,4.178571428571429,0.3505819158460161,0.6919033348129171,20,0.25925925925925924,0,,,0,,
Other Processing,27,numeric_settings_focus,pessimistic,4,1.0,0.24719101123595505,4.045454545454546,0.56,2.3400000000000003,0.5931078090420487,0.835815526241104,4,0.6296296296296297,0,,,0,,
Other Processing,27,numeric_settings_focus,pessimistic,8,0.7738095238095238,0.0,,1.0,4.178571428571429,0.8388312912346843,0.9014448039598569,8,0.37037037037037035,0,,,0,,
Other Processing,27,numeric_settings_focus,pessimistic,12,0.6904761904761905,0.0,,1.0,4.178571428571429,0.7724076013766272,0.8347955589921153,12,0.37037037037037035,0,,,0,,
Other Processing,27,numeric_settings_focus,pessimistic,20,0.2619047619047619,0.0,,1.0,4.178571428571429,0.3505819158460161,0.6919033348129171,20,0.25925925925925924,0,,,0,,
Other Processing,27,process_only,optimistic,4,1.0,0.20599250936329588,4.8545454545454545,0.60431654676259,2.5251798561151078,0.6484951111596657,0.8545557931651183,4,0.5925925925925926,0,,,0,,
Other Processing,27,process_only,optimistic,8,0.9523809523809523,0.0,,1.0,4.178571428571429,0.9681805819961925,0.943550606174184,8,0.4074074074074074,0,,,0,,
Other Processing,27,process_only,optimistic,12,0.6785714285714286,0.0,,1.0,4.178571428571429,0.7625704622322436,0.8325516865543443,12,0.37037037037037035,0,,,0,,
Other Processing,27,process_only,optimistic,20,0.2619047619047619,0.0,,1.0,4.178571428571429,0.3505819158460161,0.6919033348129171,20,0.25925925925925924,0,,,0,,
Other Processing,27,process_only,reported,4,1.0,0.20599250936329588,4.8545454545454545,0.60431654676259,2.5251798561151078,0.6484951111596657,0.8545557931651183,4,0.5925925925925926,0,,,0,,
Other Processing,27,process_only,reported,8,0.9523809523809523,0.0,,1.0,4.178571428571429,0.9681805819961925,0.943550606174184,8,0.4074074074074074,0,,,0,,
Other Processing,27,process_only,reported,12,0.6785714285714286,0.0,,1.0,4.178571428571429,0.7625704622322436,0.8325516865543443,12,0.37037037037037035,0,,,0,,
Other Processing,27,process_only,reported,20,0.2619047619047619,0.0,,1.0,4.178571428571429,0.3505819158460161,0.6919033348129171,20,0.25925925925925924,0,,,0,,
Other Processing,27,process_only,pessimistic,4,1.0,0.20599250936329588,4.8545454545454545,0.60431654676259,2.5251798561151078,0.6484951111596657,0.8545557931651183,4,0.5925925925925926,0,,,0,,
Other Processing,27,process_only,pessimistic,8,0.9047619047619048,0.0,,1.0,4.178571428571429,0.9352876106194691,0.9288020777156706,8,0.4074074074074074,0,,,0,,
Other Processing,27,process_only,pessimistic,12,0.6785714285714286,0.0,,1.0,4.178571428571429,0.7625704622322436,0.8325516865543443,12,0.37037037037037035,0,,,0,,
Other Processing,27,process_only,pessimistic,20,0.2619047619047619,0.0,,1.0,4.178571428571429,0.3505819158460161,0.6919033348129171,20,0.25925925925925924,0,,,0,,
Solution Processing,458,material_only,optimistic,4,0.9811452513966481,0.9433141105620451,1.0401045000928297,0.02843294984265752,1.0389642108532253,0.0021890140127423436,0.06592503863111415,4,0.9716157205240175,4504,0.9986678507992895,1.0615640330089147,92,1.0,1.060149905657427
Solution Processing,458,material_only,optimistic,8,0.9504189944134078,0.3333857293027734,2.85080887055684,0.074255940202417,2.713375317738669,0.09163469457763324,0.4745559163085857,8,0.4912663755458515,4504,0.3572380106571936,1.075106721115668,92,1.0,3.0049640989274002
Solution Processing,458,material_only,optimistic,12,0.8516061452513967,0.18323197987994774,4.647693845852469,0.11564722617354196,4.225848170649332,0.1633214260079318,0.5952782310462505,12,0.2925764192139738,4504,0.23912078152753108,1.3237091857804633,92,0.8913043478260869,4.881414091274143
Solution Processing,458,material_only,optimistic,20,0.8432262569832403,0.15677529006081206,5.3785660779588325,0.1314428781363958,4.803034750561532,0.18903231983563146,0.6735122432469198,20,0.2925764192139738,4504,0.21269982238010657,1.3795001480165778,92,0.8260869565217391,5.289671654539183
Solution Processing,458,material_only,reported,4,0.9986033519553073,0.8655159201878395,1.1537665901495888,0.03144239226033421,1.1489318007055713,0.008345530839684352,0.13198491744374835,4,0.9301310043668122,4504,0.9338365896980462,1.0828938020451335,92,1.0,1.1555426779383693
Solution Processing,458,material_only,reported,8,0.9986033519553073,0.8635707198223777,1.1563654591724735,0.0315109847733633,1.1514382295694099,0.008485384173471,0.159224488557414,8,0.9301310043668122,4504,0.9338365896980462,1.0854556087360736,92,1.0,1.1581482746839769
Solution Processing,458,material_only,reported,12,0.9986033519553073,0.8495220505162641,1.175488442411171,0.032015403214973356,1.1698701091678096,0.00951323953436847,0.20131462354905535,12,0.9235807860262009,4504,0.9316163410301954,1.1015641953561495,92,1.0,1.1773211391525817
Solution Processing,458,material_only,reported,20,0.8914106145251397,0.2600182730943422,3.4282614214644442,0.08797381116471399,3.2146380097139713,0.11611045905953307,0.593336285372222,20,0.42139737991266374,4504,0.2932948490230906,1.134700922103371,92,0.9565217391304348,3.687607236981987
Solution Processing,458,material_only,pessimistic,4,0.9986033519553073,0.8655159201878395,1.1537665901495888,0.03144239226033421,1.1489318007055713,0.008345530839684352,0.13198491744374835,4,0.9301310043668122,4504,0.9338365896980462,1.0828938020451335,92,1.0,1.1555426779383693
Solution Processing,458,material_only,pessimistic,8,0.9986033519553073,0.8635707198223777,1.1563654591724735,0.0315109847733633,1.1514382295694099,0.008485384173471,0.159224488557414,8,0.9301310043668122,4504,0.9338365896980462,1.0854556087360736,92,1.0,1.1581482746839769
Solution Processing,458,material_only,pessimistic,12,0.9982541899441341,0.857823536924422,1.1637057587895079,0.03170466643009227,1.1585155223144015,0.00888007478113886,0.1897198671171042,12,0.9279475982532751,4504,0.9316163410301954,1.0903658009061796,92,1.0,1.1659157351676697
Solution Processing,458,material_only,pessimistic,20,0.9141061452513967,0.5939738085647761,1.53896709260659,0.04150416944100954,1.5165977110719175,0.028541344256771396,0.4001101541426872,20,0.7729257641921398,4504,0.8006216696269982,1.369973601323786,92,1.0,1.6846176782401274
Solution Processing,458,balanced,optimistic,4,0.9532122905027933,0.8384795999567733,1.1368342062847263,0.030995254206498787,1.1325929952767868,0.007422142034846214,0.14319537981779357,4,0.9148471615720524,4504,0.9498223801065719,1.139798572205105,92,1.0,1.1928427324763067
Solution Processing,458,balanced,optimistic,8,0.9532122905027933,0.3160852351432866,3.015681166096501,0.07821453128581252,2.8580256084686235,0.09899132154509294,0.5017548889501754,8,0.44541484716157204,4504,0.33103907637655416,1.0496084654464386,92,1.0,3.169908359827941
Solution Processing,458,balanced,optimistic,12,0.9238826815642458,0.18976510231950408,4.868559446766567,0.12048083052545305,4.402472191683044,0.17312720526075637,0.6319562064009335,12,0.31004366812227074,4504,0.2622113676731794,1.4066298816699891,92,0.9347826086956522,4.943556263989691
Solution Processing,458,balanced,optimistic,20,0.8652234636871509,0.13864955938264448,6.240362158665869,0.1493580857091194,5.457671698225026,0.21825296924490886,0.7004291509977875,20,0.25327510917030566,4504,0.2524422735346359,1.8926361421714744,92,0.9347826086956522,6.777257215122389
Solution Processing,458,balanced,reported,4,1.0,0.9470178506518386,1.0559463048259263,0.028853516018537174,1.0543320572234536,0.003052775746535083,0.074123091884583,4,0.9737991266375546,4504,1.0,1.0586884603665172,92,1.0,1.0559997507891676
Solution Processing,458,balanced,reported,8,0.9986033519553073,0.8497578323787442,1.17516228024624,0.03200680424369936,1.1695558954315186,0.009495726280059045,0.19044078786524735,8,0.9235807860262009,4504,0.8854351687388987,1.04401464574058,92,1.0,1.176994120642563
Solution Processing,458,balanced,reported,12,0.901536312849162,0.2517659079075342,3.5808514359309846,0.09153107164380163,3.344623338246778,0.12259222535921889,0.5707509469643057,12,0.4039301310043668,4504,0.3163854351687389,1.271777417584942,92,1.0,3.982651262972391
Solution Processing,458,balanced,reported,20,0.901536312849162,0.16467398245389972,5.474673651628884,0.13347808105872622,4.877402799245417,0.19410814916955735,0.6851732495475554,20,0.30131004366812225,4504,0.27420071047957373,1.7180148205709622,92,1.0,6.100599880023996
Solution Processing,458,balanced,pessimistic,4,0.9766061452513967,0.9348456120012968,1.0446710480468533,0.02855421932743941,1.043395501143337,0.0024373168133818767,0.06451881550804613,4,0.9672489082969432,4504,0.9411634103019538,1.0070732129086164,92,1.0,1.069762793877873
Solution Processing,458,balanced,pessimistic,8,0.9546089385474861,0.8756643645187594,1.0901539188158151,0.02976041451228406,1.0874709008219496,0.004903073082485844,0.13521994354745862,8,0.9366812227074236,4504,0.9389431616341031,1.0758631569722714,92,1.0,1.1421367684549815
Solution Processing,458,balanced,pessimistic,12,0.9546089385474861,0.7485484679091061,1.275280064648267,0.034639164808433,1.2657445931204396,0.01481842411939558,0.26420724587889677,12,0.8668122270742358,4504,0.7497779751332149,1.0017186963323785,92,1.0,1.3363249323276654
Solution Processing,458,balanced,pessimistic,20,0.9357541899441341,0.2093939423709831,4.4688694398153075,0.11169459031424522,4.0814154888815315,0.15841741553088776,0.6168796306211397,20,0.3165938864628821,4504,0.266651865008881,1.289774110644309,92,1.0,4.792055414192819
Solution Processing,458,sequence_focus,optimistic,4,1.0,0.38283115071373136,2.6121176349825497,0.06846433352457448,2.501745075540256,0.08108206205356855,0.4476120877233882,4,0.5524017467248908,4504,0.48601243339253997,1.2855629457732198,92,1.0,2.6159327091264535
Solution Processing,458,sequence_focus,optimistic,8,0.9493715083798883,0.19738871587303147,4.809654413024111,0.11919687869887335,4.355555498070249,0.1715138508778364,0.6022478220423737,8,0.2925764192139738,4504,0.3385879218472469,1.7740898355636028,92,1.0,5.08485
Solution Processing,458,sequence_focus,optimistic,12,0.9479748603351955,0.1916611814636159,4.946097342696151,0.12216522678185746,4.464021465922391,0.1765112764842297,0.6325010239711011,12,0.2925764192139738,4504,0.3372557726465364,1.8237869839865644,92,1.0,5.237523819333574
Solution Processing,458,sequence_focus,optimistic,20,0.9479748603351955,0.13870850484826455,6.834295138370933,0.16128074135677795,5.893335693160224,0.2401188398968691,0.7320002943558263,20,0.28820960698689957,4504,0.2533303730017762,1.8990017982337646,92,0.782608695652174,5.665904215970608
Solution Processing,458,sequence_focus,reported,4,0.9986033519553073,0.45389973376298026,2.2000527378074275,0.05829358770535241,2.130097358285002,0.06162946842123784,0.37570194370474913,4,0.5764192139737991,4504,0.49711367673179396,1.1000546832757678,92,1.0,2.205530253741054
Solution Processing,458,sequence_focus,reported,8,0.9483240223463687,0.36012732220573934,2.6333020681074424,0.06898128158890611,2.5206347982275807,0.08175710641016233,0.48083280548995483,8,0.5152838427947598,4504,0.4182948490230906,1.1702704508443726,92,1.0,2.7812662382059345
Solution Processing,458,sequence_focus,reported,12,0.9483240223463687,0.28511921720421657,3.3260613986153444,0.08557565063961182,3.127007181001151,0.11242628084930674,0.5700801313455918,12,0.4366812227074236,4504,0.3734458259325044,1.3288470071632659,92,0.782608695652174,2.7491867537733725
Solution Processing,458,sequence_focus,reported,20,0.9483240223463687,0.14399394826552966,6.585860265444125,0.1563345421055661,5.712597358580241,0.23234944463555404,0.7302711973778124,20,0.28820960698689957,4504,0.20004440497335702,1.414751376696208,92,0.782608695652174,5.456904800942004
Solution Processing,458,sequence_focus,pessimistic,4,0.9982541899441341,0.9054121761683482,1.102541158844017,0.030088402441591243,1.099455859189891,0.005580787592749643,0.10256600894034264,4,0.9519650655021834,4504,0.9156305506216696,1.0118145565754073,92,1.0,1.1045737436053396
Solution Processing,458,sequence_focus,pessimistic,8,0.9982541899441341,0.45633614634194264,2.187541350704488,0.05798130158794541,2.118686157501135,0.061024942345617936,0.4047991168305461,8,0.6135371179039302,4504,0.4200710479573712,0.9171554356239701,92,1.0,2.1937313947970147
Solution Processing,458,sequence_focus,pessimistic,12,0.9982541899441341,0.3212626118735816,3.1072840506474866,0.08039932508436445,2.937859835214383,0.10339705502156397,0.5420146199699531,12,0.49344978165938863,4504,0.4071936056838366,1.283371559560438,92,1.0,3.1186788923303386
Solution Processing,458,sequence_focus,pessimistic,20,0.9982541899441341,0.167021976834432,5.976783468044436,0.14395770392749244,5.260337147040456,0.21403142671104655,0.7009181968402294,20,0.29694323144104806,4504,0.2599911190053286,1.5978039173994565,92,0.782608695652174,4.7013383260522845
Solution Processing,458,settings_focus,optimistic,4,1.0,0.9513503423749128,1.051137478443157,0.028725890412332877,1.049668508841436,0.002791108879201041,0.0693956509718882,4,0.9759825327510917,4504,0.9498223801065719,0.9983196690615483,92,1.0,1.051186107809189
Solution Processing,458,settings_focus,optimistic,8,0.9720670391061452,0.35726846712316657,2.7208307716981635,0.07111111111111111,2.5984605834885164,0.08590645466241381,0.4807051937627566,8,0.4912663755458515,4504,0.35102131438721135,0.9817193781848457,92,1.0,2.803578320560181
Solution Processing,458,settings_focus,optimistic,12,0.9720670391061452,0.29991452907485094,3.2411468764273916,0.08357348703170028,3.0538464170141513,0.109008107297146,0.5656839051293652,12,0.4585152838427948,4504,0.32393428063943164,1.084108379786271,92,1.0,3.3413392035747145
Solution Processing,458,settings_focus,optimistic,20,0.8931564245810056,0.16863315289471356,5.296446216235129,0.129696293667292,4.739213066048571,0.18767856135948102,0.6810057341733933,20,0.30131004366812225,4504,0.2595470692717584,1.5785219201114664,92,1.0,5.956598137409946
Solution Processing,458,settings_focus,reported,4,0.9986033519553073,0.9212979791529536,1.0839091961033374,0.029594983339887002,1.0814259048425958,0.004571434092580413,0.09916202057133858,4,0.9606986899563319,4504,1.0,1.0897349732284876,92,1.0,1.0855090408385457
Solution Processing,458,settings_focus,reported,8,0.9986033519553073,0.4382202399080451,2.2787704925834813,0.06025365524796696,2.2017198961820834,0.0654074622487927,0.4262864441136571,8,0.5917030567685589,4504,0.47113676731793963,1.0788659356116599,92,1.0,2.2846070899043
Solution Processing,458,settings_focus,reported,12,0.9483240223463687,0.31356040436589416,3.024374280496742,0.07842231397799786,2.865618165062643,0.0993337531393163,0.5385465247571968,12,0.46943231441048033,4504,0.32460035523978686,1.0368985571992337,92,0.782608695652174,2.4992606852485206
Solution Processing,458,settings_focus,reported,20,0.9203910614525139,0.1891756476633035,4.865272421800475,0.12040928192947195,4.3998577450296885,0.17292714079759927,0.6594588966485262,20,0.32096069868995636,4504,0.2524422735346359,1.3554195364433497,92,0.782608695652174,4.148715415019763
Solution Processing,458,settings_focus,pessimistic,4,0.9982541899441341,0.9214846397940838,1.083310721454028,0.029579125972521107,1.0808464631292778,0.004538928622590135,0.09601704191993105,4,0.9606986899563319,4504,0.9902309058614565,1.0783282814145516,92,1.0,1.0852889386905715
Solution Processing,458,settings_focus,pessimistic,8,0.9982541899441341,0.39332344359410154,2.5379981951299695,0.0666511248397249,2.4354888854230903,0.07763469919497401,0.4617048896901546,8,0.5414847161572053,4504,0.4169626998223801,1.063059286446361,92,1.0,2.545989385139195
Solution Processing,458,settings_focus,pessimistic,12,0.9982541899441341,0.3233944728801737,3.086800405256196,0.07991167509852698,2.920040689275888,0.10249510063571632,0.5414266174875637,12,0.47161572052401746,4504,0.3592362344582593,1.1165590117978197,92,1.0,3.0980625114238713
Solution Processing,458,settings_focus,pessimistic,20,0.9982541899441341,0.18842900509878277,5.297773500533028,0.12972457915513408,4.740246641872293,0.1903947488782371,0.686317678266668,20,0.3231441048034934,4504,0.30106571936056836,1.64324385704628,92,0.782608695652174,4.1652164811460715
Solution Processing,458,numeric_settings_focus,optimistic,4,0.9986033519553073,0.4931770623544784,2.024837382314318,0.05390124387485865,1.9695973726381224,0.053109410633127886,0.33741840352546987,4,0.6135371179039302,4504,0.44982238010657194,0.9083939521042025,92,1.0,2.029556158697214
Solution Processing,458,numeric_settings_focus,optimistic,8,0.9706703910614525,0.35632533967324564,2.724112722243016,0.07119078104993598,2.6013717909284044,0.08604708428525412,0.4781554841496635,8,0.4868995633187773,4504,0.35102131438721135,0.9844362354106447,92,1.0,2.811017745591243
Solution Processing,458,numeric_settings_focus,optimistic,12,0.9706703910614525,0.29797915295365907,3.257511075657056,0.0839600132886352,3.0679704157456493,0.1097022197693451,0.5653173799806345,12,0.45633187772925765,4504,0.3157193605683837,1.0624635232244355,92,0.782608695652174,2.630257329116598
Solution Processing,458,numeric_settings_focus,optimistic,20,0.8928072625698324,0.15246244682627788,5.855915874071827,0.14145828723168843,5.169006331584459,0.20674230218717393,0.7042023122010983,20,0.30131004366812225,4504,0.2524422735346359,1.707609969463013,92,0.782608695652174,5.152389235562836
Solution Processing,458,numeric_settings_focus,reported,4,0.9986033519553073,0.478322805018224,2.0877184643480686,0.05548226895320866,2.027369375963738,0.05618483388212641,0.3502599476734582,4,0.5960698689956332,4504,0.552619893428064,1.1636967538723608,92,1.0,2.092703103136061
Solution Processing,458,numeric_settings_focus,reported,8,0.9986033519553073,0.40104529959032903,2.490001386315682,0.06547319261938556,2.3924462385462837,0.0753964668946741,0.45913532097958415,8,0.5480349344978166,4504,0.41252220248667854,1.0299820980627379,92,1.0,2.496857353302234
Solution Processing,458,numeric_settings_focus,reported,12,0.9483240223463687,0.264969692206427,3.5789905420864825,0.09148785663758548,3.343044225102386,0.12310409412650694,0.5851938584518191,12,0.4170305676855895,4504,0.32948490230905864,1.2576583639163796,92,0.782608695652174,2.9588072613011316
Solution Processing,458,numeric_settings_focus,reported,20,0.9483240223463687,0.208273978524202,4.553252542953516,0.11356414116072922,4.149730469585822,0.16187034004890152,0.6730344939852267,20,0.34934497816593885,4504,0.28152753108348133,1.3740922065751797,92,0.782608695652174,3.76698961197175
Solution Processing,458,numeric_settings_focus,pessimistic,4,0.9982541899441341,0.9214846397940838,1.083310721454028,0.029579125972521107,1.0808464631292778,0.004538928622590135,0.09601704191993105,4,0.9606986899563319,4504,0.9902309058614565,1.0783282814145516,92,1.0,1.0852889386905715
Solution Processing,458,numeric_settings_focus,pessimistic,8,0.9982541899441341,0.39332344359410154,2.5379981951299695,0.0666511248397249,2.4354888854230903,0.07763469919497401,0.4617048896901546,8,0.5414847161572053,4504,0.4169626998223801,1.063059286446361,92,1.0,2.545989385139195
Solution Processing,458,numeric_settings_focus,pessimistic,12,0.9982541899441341,0.33372957785222374,2.991206821908256,0.07762904233077195,2.8366313432410184,0.09826170458277723,0.5314132760496947,12,0.48253275109170307,4504,0.4080817051509769,1.2355355622311959,92,1.0,3.001859613908731
Solution Processing,458,numeric_settings_focus,pessimistic,20,0.9982541899441341,0.1908261207006651,5.231224039344289,0.12830408831844906,4.688340696505115,0.1880013179349649,0.6800172746902408,20,0.3231441048034934,4504,0.338809946714032,1.8416094349130967,92,0.782608695652174,4.11269928285134
Solution Processing,458,process_only,optimistic,4,0.9821927374301676,0.8652113686154692,1.1352055382743,0.03095222376268128,1.1310206261996802,0.007341658535361064,0.12848269989978073,4,0.9301310043668122,4504,0.8594582593250444,0.9930449269393209,92,0.782608695652174,0.9044507940241046
Solution Processing,458,process_only,optimistic,8,0.9766061452513967,0.24458438534615726,3.9929210684043386,0.10100025277145849,3.690635283970477,0.14043020644744805,0.5525303578928131,8,0.4104803493449782,4504,0.5204262877442274,2.2450191292655712,92,0.782608695652174,3.2061294119295494
Solution Processing,458,process_only,optimistic,12,0.9762569832402235,0.1729852931063278,5.6435837157564235,0.13703195451872183,5.007264363215012,0.20203049869005407,0.6372824932877116,12,0.31004366812227074,4504,0.48601243339253997,3.0664582387050556,92,0.782608695652174,4.53860381624881
Solution Processing,458,process_only,optimistic,20,0.9762569832402235,0.06675573981471475,14.624315241654028,0.2915233030966531,10.652509859976968,0.4247301472220697,0.7919313457997035,20,0.15502183406113537,4504,0.02730905861456483,0.3981957085308662,92,0.782608695652174,11.83830976078226
Solution Processing,458,process_only,reported,4,0.9926675977653632,0.4830875634891786,2.0548398940259607,0.05465625961242695,1.9971862909285325,0.05456143155390007,0.3234314341349065,4,0.5676855895196506,4504,0.6818383658969804,1.4388235960758262,92,0.782608695652174,1.62092333194312
Solution Processing,458,process_only,reported,8,0.9766061452513967,0.265981589366238,3.671705803316629,0.09363596799571491,3.4215380442233077,0.12730079620827198,0.5237943728014764,8,0.4104803493449782,4504,0.5535079928952042,2.190636063984783,92,0.782608695652174,2.9475207955610374
Solution Processing,458,process_only,reported,12,0.9762569832402235,0.1598797512501351,6.106195284935425,0.14661772417409544,5.357536553069696,0.21772068790134227,0.6605220493070211,12,0.3231441048034934,4504,0.45537300177619894,3.1147410868169523,92,0.782608695652174,4.912292094910451
Solution Processing,458,process_only,reported,20,0.9762569832402235,0.07476249889477252,13.058110652698963,0.26869113972708053,9.818203158470027,0.3954542862506627,0.7775227879650678,20,0.15502183406113537,4504,0.15785968028419184,2.226029713936455,92,0.782608695652174,10.558365152791076
Solution Processing,458,process_only,pessimistic,4,0.990572625698324,0.4784308717051941,2.070461344118087,0.055048897857808136,2.011533626924998,0.055318092497125236,0.3140795474220699,4,0.5021834061135371,4504,0.7218028419182948,1.5450754593386136,92,1.0,2.0922295142674923
Solution Processing,458,process_only,pessimistic,8,0.9902234636871509,0.20859817858511234,4.74703791952392,0.11782791142133034,4.305532267449889,0.16999878433738766,0.5933182016030244,8,0.36681222707423583,4504,0.46492007104795735,2.3632242599874878,92,0.782608695652174,3.761115094831961
Solution Processing,458,process_only,pessimistic,12,0.9902234636871509,0.09614987867058326,10.298748967533605,0.22466925453537195,8.20960596888627,0.33664961405724814,0.7240988873381657,12,0.16375545851528384,4504,0.125,1.3183678447528187,92,0.782608695652174,8.192378437646848
Solution Processing,458,process_only,pessimistic,20,0.9902234636871509,0.07817151165646583,12.66731885701287,0.2627629018808487,9.60158029697502,0.3888842246839573,0.7749996789850018,20,0.15502183406113537,4504,0.125,1.6446612117933461,92,0.782608695652174,10.09371674340382
