profile,bound,requested_clusters,mean_interval_width,same_paper_cocluster,cross_paper_cocluster,same_paper_recall_lift,same_paper_precision,same_paper_precision_lift,paper_ari,paper_nmi,actual_clusters,largest_cluster_fraction,shared_author_pair_count,shared_author_cocluster,shared_author_lift,same_location_pair_count,same_location_cocluster,same_location_lift
strict_equal,optimistic,8,0.0,0.9958660603555188,0.9782224691706127,1.018036378984287,0.00810288545466471,1.0178902322713603,0.0002870639691746097,0.026908615044589967,8,0.9891205802357208,11563,0.9946380697050938,1.0171147944543626,311,1.0,1.0222740952103062
strict_equal,optimistic,12,0.0,0.9712691194708557,0.7652239536253037,1.2692612598826765,0.010082306292697999,1.2665464853877815,0.004267313613027219,0.1633435499318059,12,0.8703535811423391,11563,0.8091325780506788,1.058567790232993,311,0.9967845659163987,1.30280848610141
strict_equal,optimistic,20,0.0,0.9280694501860273,0.31602298831510245,2.9367150001779656,0.023022689398795027,2.8921266122748808,0.02985910520746252,0.42349338348617077,20,0.40253853127833183,11563,0.48854103606330535,1.5625829903730284,311,0.77491961414791,2.4539379022144003
strict_equal,optimistic,30,0.0,0.8927242662257131,0.12581707205825032,7.09541441095055,0.05386898822590301,6.767060603815055,0.08791187464528871,0.5955979209561942,30,0.21940163191296463,11563,0.2854795468304073,2.3267393596291837,311,0.77491961414791,6.175540350772153
strict_equal,optimistic,50,0.0,0.8040512608515916,0.05138369421891975,15.647984697751367,0.11155721250358475,14.01389635607506,0.18452907538881005,0.7309025942348527,50,0.15231187669990934,11563,0.18671625010810344,3.831061654138551,311,0.7234726688102894,14.17550070283712
strict_equal,optimistic,80,0.0,0.795163290615957,0.04904505610243567,16.21291428345349,0.115121046174103,14.46158767578537,0.1898570000048673,0.750779436137949,80,0.15231187669990934,11563,0.18282452650696185,3.9377057619079583,311,0.7234726688102894,14.856620348125938
strict_equal,reported,8,0.0,0.9958660603555188,0.9782224691706127,1.018036378984287,0.00810288545466471,1.0178902322713603,0.0002870639691746097,0.026908615044589967,8,0.9891205802357208,11563,0.9946380697050938,1.0171147944543626,311,1.0,1.0222740952103062
strict_equal,reported,12,0.0,0.9712691194708557,0.7652239536253037,1.2692612598826765,0.010082306292697999,1.2665464853877815,0.004267313613027219,0.1633435499318059,12,0.8703535811423391,11563,0.8091325780506788,1.058567790232993,311,0.9967845659163987,1.30280848610141
strict_equal,reported,20,0.0,0.9280694501860273,0.31602298831510245,2.9367150001779656,0.023022689398795027,2.8921266122748808,0.02985910520746252,0.42349338348617077,20,0.40253853127833183,11563,0.48854103606330535,1.5625829903730284,311,0.77491961414791,2.4539379022144003
strict_equal,reported,30,0.0,0.8927242662257131,0.12581707205825032,7.09541441095055,0.05386898822590301,6.767060603815055,0.08791187464528871,0.5955979209561942,30,0.21940163191296463,11563,0.2854795468304073,2.3267393596291837,311,0.77491961414791,6.175540350772153
strict_equal,reported,50,0.0,0.8040512608515916,0.05138369421891975,15.647984697751367,0.11155721250358475,14.01389635607506,0.18452907538881005,0.7309025942348527,50,0.15231187669990934,11563,0.18671625010810344,3.831061654138551,311,0.7234726688102894,14.17550070283712
strict_equal,reported,80,0.0,0.795163290615957,0.04904505610243567,16.21291428345349,0.115121046174103,14.46158767578537,0.1898570000048673,0.750779436137949,80,0.15231187669990934,11563,0.18282452650696185,3.9377057619079583,311,0.7234726688102894,14.856620348125938
strict_equal,pessimistic,8,0.0,0.9958660603555188,0.9782224691706127,1.018036378984287,0.00810288545466471,1.0178902322713603,0.0002870639691746097,0.026908615044589967,8,0.9891205802357208,11563,0.9946380697050938,1.0171147944543626,311,1.0,1.0222740952103062
strict_equal,pessimistic,12,0.0,0.9712691194708557,0.7652239536253037,1.2692612598826765,0.010082306292697999,1.2665464853877815,0.004267313613027219,0.1633435499318059,12,0.8703535811423391,11563,0.8091325780506788,1.058567790232993,311,0.9967845659163987,1.30280848610141
strict_equal,pessimistic,20,0.0,0.9280694501860273,0.31602298831510245,2.9367150001779656,0.023022689398795027,2.8921266122748808,0.02985910520746252,0.42349338348617077,20,0.40253853127833183,11563,0.48854103606330535,1.5625829903730284,311,0.77491961414791,2.4539379022144003
strict_equal,pessimistic,30,0.0,0.8927242662257131,0.12581707205825032,7.09541441095055,0.05386898822590301,6.767060603815055,0.08791187464528871,0.5955979209561942,30,0.21940163191296463,11563,0.2854795468304073,2.3267393596291837,311,0.77491961414791,6.175540350772153
strict_equal,pessimistic,50,0.0,0.8040512608515916,0.05138369421891975,15.647984697751367,0.11155721250358475,14.01389635607506,0.18452907538881005,0.7309025942348527,50,0.15231187669990934,11563,0.18671625010810344,3.831061654138551,311,0.7234726688102894,14.17550070283712
strict_equal,pessimistic,80,0.0,0.795163290615957,0.04904505610243567,16.21291428345349,0.115121046174103,14.46158767578537,0.1898570000048673,0.750779436137949,80,0.15231187669990934,11563,0.18282452650696185,3.9377057619079583,311,0.7234726688102894,14.856620348125938
soft_equal,optimistic,8,0.0,0.9071930549813972,0.5603874509673835,1.6188675414043114,0.012823771749134417,1.6109313253103947,0.009743997719982142,0.24490687337108938,8,0.7035358114233907,11563,0.6309781198650869,1.1287478390006922,311,0.9871382636655949,1.7622207265631848
soft_equal,optimistic,12,0.0,0.87474162877222,0.294613668593417,2.9691142062366813,0.023270775710852915,2.9232913911942933,0.030296974961284306,0.4325376621433239,12,0.4759746146872167,11563,0.5299662717287901,1.8273961639389353,311,0.77491961414791,2.6325057172718656
soft_equal,optimistic,20,0.0,0.8462174452252997,0.14588789464518215,5.800463755292431,0.04447486203450224,5.586963792074171,0.0704478339129879,0.5660557876501913,20,0.27651858567543064,11563,0.29663582115367987,2.075243541913578,311,0.77491961414791,5.32359359262158
soft_equal,optimistic,30,0.0,0.8085985944605208,0.09618271232263255,8.406901561979046,0.06319666569739266,7.9388100801131625,0.10399996715238193,0.6420974292427015,30,0.1912964641885766,11563,0.2745827207472109,2.9622373634827084,311,0.77491961414791,8.086194724826182
soft_equal,optimistic,50,0.0,0.7941298057048367,0.06076146720516159,13.069628536510663,0.09492044668445498,11.923974004509626,0.15759233338747491,0.7206864627778129,50,0.16409791477787852,11563,0.22710369281328374,3.949018553061661,311,0.77491961414791,12.831304348748032
soft_equal,optimistic,80,0.0,0.7761471682513436,0.04406757171408905,17.612660241117798,0.12382931011739876,15.555525984245442,0.20263473953042638,0.771554513097963,80,0.1486854034451496,11563,0.20003459309867683,4.876766849360519,311,0.21543408360128619,4.898552581483264
soft_equal,reported,8,0.0,0.9071930549813972,0.5603874509673835,1.6188675414043114,0.012823771749134417,1.6109313253103947,0.009743997719982142,0.24490687337108938,8,0.7035358114233907,11563,0.6309781198650869,1.1287478390006922,311,0.9871382636655949,1.7622207265631848
soft_equal,reported,12,0.0,0.87474162877222,0.294613668593417,2.9691142062366813,0.023270775710852915,2.9232913911942933,0.030296974961284306,0.4325376621433239,12,0.4759746146872167,11563,0.5299662717287901,1.8273961639389353,311,0.77491961414791,2.6325057172718656
soft_equal,reported,20,0.0,0.8462174452252997,0.14588789464518215,5.800463755292431,0.04447486203450224,5.586963792074171,0.0704478339129879,0.5660557876501913,20,0.27651858567543064,11563,0.29663582115367987,2.075243541913578,311,0.77491961414791,5.32359359262158
soft_equal,reported,30,0.0,0.8085985944605208,0.09618271232263255,8.406901561979046,0.06319666569739266,7.9388100801131625,0.10399996715238193,0.6420974292427015,30,0.1912964641885766,11563,0.2745827207472109,2.9622373634827084,311,0.77491961414791,8.086194724826182
soft_equal,reported,50,0.0,0.7941298057048367,0.06076146720516159,13.069628536510663,0.09492044668445498,11.923974004509626,0.15759233338747491,0.7206864627778129,50,0.16409791477787852,11563,0.22710369281328374,3.949018553061661,311,0.77491961414791,12.831304348748032
soft_equal,reported,80,0.0,0.7761471682513436,0.04406757171408905,17.612660241117798,0.12382931011739876,15.555525984245442,0.20263473953042638,0.771554513097963,80,0.1486854034451496,11563,0.20003459309867683,4.876766849360519,311,0.21543408360128619,4.898552581483264
soft_equal,pessimistic,8,0.0,0.9071930549813972,0.5603874509673835,1.6188675414043114,0.012823771749134417,1.6109313253103947,0.009743997719982142,0.24490687337108938,8,0.7035358114233907,11563,0.6309781198650869,1.1287478390006922,311,0.9871382636655949,1.7622207265631848
soft_equal,pessimistic,12,0.0,0.87474162877222,0.294613668593417,2.9691142062366813,0.023270775710852915,2.9232913911942933,0.030296974961284306,0.4325376621433239,12,0.4759746146872167,11563,0.5299662717287901,1.8273961639389353,311,0.77491961414791,2.6325057172718656
soft_equal,pessimistic,20,0.0,0.8462174452252997,0.14588789464518215,5.800463755292431,0.04447486203450224,5.586963792074171,0.0704478339129879,0.5660557876501913,20,0.27651858567543064,11563,0.29663582115367987,2.075243541913578,311,0.77491961414791,5.32359359262158
soft_equal,pessimistic,30,0.0,0.8085985944605208,0.09618271232263255,8.406901561979046,0.06319666569739266,7.9388100801131625,0.10399996715238193,0.6420974292427015,30,0.1912964641885766,11563,0.2745827207472109,2.9622373634827084,311,0.77491961414791,8.086194724826182
soft_equal,pessimistic,50,0.0,0.7941298057048367,0.06076146720516159,13.069628536510663,0.09492044668445498,11.923974004509626,0.15759233338747491,0.7206864627778129,50,0.16409791477787852,11563,0.22710369281328374,3.949018553061661,311,0.77491961414791,12.831304348748032
soft_equal,pessimistic,80,0.0,0.7761471682513436,0.04406757171408905,17.612660241117798,0.12382931011739876,15.555525984245442,0.20263473953042638,0.771554513097963,80,0.1486854034451496,11563,0.20003459309867683,4.876766849360519,311,0.21543408360128619,4.898552581483264
matrix_focus,optimistic,8,0.0,0.9950392724266226,0.9515586774255077,1.0456940765006253,0.00832119034161131,1.0453138473925792,0.0007269334732528959,0.04989392987935364,8,0.9755213055303718,11563,0.9658393150566462,1.0153055699715716,311,0.9935691318327974,1.044172886499775
matrix_focus,optimistic,12,0.0,0.9702356345597354,0.7119693489131967,1.3627491633463935,0.010816889464478709,1.3588253457431436,0.005740230992469241,0.21515716254381725,12,0.8404351767905711,11563,0.7991005794344028,1.1250728562169936,311,0.9903536977491961,1.391286842208413
matrix_focus,optimistic,20,0.0,0.9117403885903266,0.14819667780698773,6.152232304274613,0.04704514670278687,5.909844779673177,0.07547647663581115,0.556951746202729,20,0.2556663644605621,11563,0.2720747210931419,1.8664091047732316,311,0.752411575562701,5.087820650392588
matrix_focus,optimistic,30,0.0,0.8342290202563043,0.11061426569251055,7.541785094657896,0.05706448739519561,7.168481481581711,0.09331080937085943,0.6153221138029025,30,0.1840435176790571,11563,0.2210499005448413,2.038174176143962,311,0.752411575562701,6.8225502968895055
matrix_focus,optimistic,50,0.0,0.8292682926829268,0.06988879029382251,11.86554079984163,0.0869357949251338,10.920936373115925,0.14505345271219888,0.7133887240498408,50,0.15503173164097914,11563,0.17616535501167518,2.59789862884948,311,0.19292604501607716,2.762982304605085
matrix_focus,optimistic,80,0.0,0.8267879288962381,0.05701301178441406,14.501740971387543,0.10423724396726951,13.094356703770142,0.1734475987102252,0.765568667433731,80,0.15503173164097914,11563,0.1673441148490876,3.05062662240629,311,0.19292604501607716,3.3880633686212085
matrix_focus,reported,8,0.0,0.9950392724266226,0.9515586774255077,1.0456940765006253,0.00832119034161131,1.0453138473925792,0.0007269334732528959,0.04989392987935364,8,0.9755213055303718,11563,0.9658393150566462,1.0153055699715716,311,0.9935691318327974,1.044172886499775
matrix_focus,reported,12,0.0,0.9702356345597354,0.7119693489131967,1.3627491633463935,0.010816889464478709,1.3588253457431436,0.005740230992469241,0.21515716254381725,12,0.8404351767905711,11563,0.7991005794344028,1.1250728562169936,311,0.9903536977491961,1.391286842208413
matrix_focus,reported,20,0.0,0.9117403885903266,0.14819667780698773,6.152232304274613,0.04704514670278687,5.909844779673177,0.07547647663581115,0.556951746202729,20,0.2556663644605621,11563,0.2720747210931419,1.8664091047732316,311,0.752411575562701,5.087820650392588
matrix_focus,reported,30,0.0,0.8342290202563043,0.11061426569251055,7.541785094657896,0.05706448739519561,7.168481481581711,0.09331080937085943,0.6153221138029025,30,0.1840435176790571,11563,0.2210499005448413,2.038174176143962,311,0.752411575562701,6.8225502968895055
matrix_focus,reported,50,0.0,0.8292682926829268,0.06988879029382251,11.86554079984163,0.0869357949251338,10.920936373115925,0.14505345271219888,0.7133887240498408,50,0.15503173164097914,11563,0.17616535501167518,2.59789862884948,311,0.19292604501607716,2.762982304605085
matrix_focus,reported,80,0.0,0.8267879288962381,0.05701301178441406,14.501740971387543,0.10423724396726951,13.094356703770142,0.1734475987102252,0.765568667433731,80,0.15503173164097914,11563,0.1673441148490876,3.05062662240629,311,0.19292604501607716,3.3880633686212085
matrix_focus,pessimistic,8,0.0,0.9950392724266226,0.9515586774255077,1.0456940765006253,0.00832119034161131,1.0453138473925792,0.0007269334732528959,0.04989392987935364,8,0.9755213055303718,11563,0.9658393150566462,1.0153055699715716,311,0.9935691318327974,1.044172886499775
matrix_focus,pessimistic,12,0.0,0.9702356345597354,0.7119693489131967,1.3627491633463935,0.010816889464478709,1.3588253457431436,0.005740230992469241,0.21515716254381725,12,0.8404351767905711,11563,0.7991005794344028,1.1250728562169936,311,0.9903536977491961,1.391286842208413
matrix_focus,pessimistic,20,0.0,0.9117403885903266,0.14819667780698773,6.152232304274613,0.04704514670278687,5.909844779673177,0.07547647663581115,0.556951746202729,20,0.2556663644605621,11563,0.2720747210931419,1.8664091047732316,311,0.752411575562701,5.087820650392588
matrix_focus,pessimistic,30,0.0,0.8342290202563043,0.11061426569251055,7.541785094657896,0.05706448739519561,7.168481481581711,0.09331080937085943,0.6153221138029025,30,0.1840435176790571,11563,0.2210499005448413,2.038174176143962,311,0.752411575562701,6.8225502968895055
matrix_focus,pessimistic,50,0.0,0.8292682926829268,0.06988879029382251,11.86554079984163,0.0869357949251338,10.920936373115925,0.14505345271219888,0.7133887240498408,50,0.15503173164097914,11563,0.17616535501167518,2.59789862884948,311,0.19292604501607716,2.762982304605085
matrix_focus,pessimistic,80,0.0,0.8267879288962381,0.05701301178441406,14.501740971387543,0.10423724396726951,13.094356703770142,0.1734475987102252,0.765568667433731,80,0.15503173164097914,11563,0.1673441148490876,3.05062662240629,311,0.19292604501607716,3.3880633686212085
filler_focus,optimistic,8,0.0,0.9935923935510541,0.9836643639650697,1.0100929035854926,0.008040169066005657,1.0100117549342986,0.00016065431539738926,0.020426822935442533,8,0.9918404351767905,11563,0.9931678630113292,1.0098520967421198,311,1.0,1.0166156337778678
filler_focus,optimistic,12,0.0,0.9532864820173625,0.8045396117197283,1.1848844583048972,0.009418376453242009,1.183143146876228,0.0029335329300073302,0.13315924781895258,12,0.8930190389845875,11563,0.8871400155668944,1.1048859914482059,311,1.0,1.2431027440496083
filler_focus,optimistic,20,0.0,0.944398511781728,0.6931043347735585,1.3625632742439402,0.010815429918665315,1.3586419965602732,0.005735549022023955,0.24097054351066594,20,0.8295557570262919,11563,0.7464325866989535,1.0785638262234505,311,0.9839228295819936,1.4198958103473796
filler_focus,optimistic,30,0.0,0.8546920214964862,0.12954230695869234,6.5977829294720305,0.05028089204504001,6.316321410303679,0.08115846973530093,0.5791121834511265,30,0.2302810516772439,11563,0.314364784225547,2.4963775565524204,311,0.9839228295819936,7.62132000973595
filler_focus,optimistic,50,0.0,0.8464241422075238,0.07691631490342751,11.004481211434193,0.08113891695892528,10.192728441202505,0.13552318470161231,0.6916598520706555,50,0.20036264732547598,11563,0.2761394101876676,3.7816537943377315,311,0.9453376205787781,12.362505024115755
filler_focus,optimistic,80,0.0,0.8379495659363373,0.07625784729190682,10.988371632479431,0.08102976154784033,10.17901626084841,0.1352159575748298,0.7027561140192531,80,0.20036264732547598,11563,0.27544754821413125,3.8064698665994334,311,0.9453376205787781,12.469939178934265
filler_focus,reported,8,0.0,0.9935923935510541,0.9836643639650697,1.0100929035854926,0.008040169066005657,1.0100117549342986,0.00016065431539738926,0.020426822935442533,8,0.9918404351767905,11563,0.9931678630113292,1.0098520967421198,311,1.0,1.0166156337778678
filler_focus,reported,12,0.0,0.9532864820173625,0.8045396117197283,1.1848844583048972,0.009418376453242009,1.183143146876228,0.0029335329300073302,0.13315924781895258,12,0.8930190389845875,11563,0.8871400155668944,1.1048859914482059,311,1.0,1.2431027440496083
filler_focus,reported,20,0.0,0.944398511781728,0.6931043347735585,1.3625632742439402,0.010815429918665315,1.3586419965602732,0.005735549022023955,0.24097054351066594,20,0.8295557570262919,11563,0.7464325866989535,1.0785638262234505,311,0.9839228295819936,1.4198958103473796
filler_focus,reported,30,0.0,0.8546920214964862,0.12954230695869234,6.5977829294720305,0.05028089204504001,6.316321410303679,0.08115846973530093,0.5791121834511265,30,0.2302810516772439,11563,0.314364784225547,2.4963775565524204,311,0.9839228295819936,7.62132000973595
filler_focus,reported,50,0.0,0.8464241422075238,0.07691631490342751,11.004481211434193,0.08113891695892528,10.192728441202505,0.13552318470161231,0.6916598520706555,50,0.20036264732547598,11563,0.2761394101876676,3.7816537943377315,311,0.9453376205787781,12.362505024115755
filler_focus,reported,80,0.0,0.8379495659363373,0.07625784729190682,10.988371632479431,0.08102976154784033,10.17901626084841,0.1352159575748298,0.7027561140192531,80,0.20036264732547598,11563,0.27544754821413125,3.8064698665994334,311,0.9453376205787781,12.469939178934265
filler_focus,pessimistic,8,0.0,0.9935923935510541,0.9836643639650697,1.0100929035854926,0.008040169066005657,1.0100117549342986,0.00016065431539738926,0.020426822935442533,8,0.9918404351767905,11563,0.9931678630113292,1.0098520967421198,311,1.0,1.0166156337778678
filler_focus,pessimistic,12,0.0,0.9532864820173625,0.8045396117197283,1.1848844583048972,0.009418376453242009,1.183143146876228,0.0029335329300073302,0.13315924781895258,12,0.8930190389845875,11563,0.8871400155668944,1.1048859914482059,311,1.0,1.2431027440496083
filler_focus,pessimistic,20,0.0,0.944398511781728,0.6931043347735585,1.3625632742439402,0.010815429918665315,1.3586419965602732,0.005735549022023955,0.24097054351066594,20,0.8295557570262919,11563,0.7464325866989535,1.0785638262234505,311,0.9839228295819936,1.4198958103473796
filler_focus,pessimistic,30,0.0,0.8546920214964862,0.12954230695869234,6.5977829294720305,0.05028089204504001,6.316321410303679,0.08115846973530093,0.5791121834511265,30,0.2302810516772439,11563,0.314364784225547,2.4963775565524204,311,0.9839228295819936,7.62132000973595
filler_focus,pessimistic,50,0.0,0.8464241422075238,0.07691631490342751,11.004481211434193,0.08113891695892528,10.192728441202505,0.13552318470161231,0.6916598520706555,50,0.20036264732547598,11563,0.2761394101876676,3.7816537943377315,311,0.9453376205787781,12.362505024115755
filler_focus,pessimistic,80,0.0,0.8379495659363373,0.07625784729190682,10.988371632479431,0.08102976154784033,10.17901626084841,0.1352159575748298,0.7027561140192531,80,0.20036264732547598,11563,0.27544754821413125,3.8064698665994334,311,0.9453376205787781,12.469939178934265
strict_loading,optimistic,8,0.16275343298912048,0.9625878462174452,0.6337128782664223,1.5189652589208689,0.012041930846167372,1.5127159151613805,0.00819085903399095,0.265439401174561,8,0.7905711695376246,11563,0.6710196315834991,1.0600904080407072,311,0.9935691318327974,1.5683133990951814
strict_loading,optimistic,12,0.16275343298912048,0.9625878462174452,0.6321405173200202,1.5227434721292141,0.012071521887895818,1.5164331628636516,0.008249989195600787,0.27868054031600986,12,0.7905711695376246,11563,0.6705872178500389,1.0620829370363047,311,0.9935691318327974,1.5722175241689498
strict_loading,optimistic,20,0.16275343298912048,0.9359239355105415,0.3161589942197491,2.960295144600629,0.023203259115017038,2.914809908418551,0.030217520666621818,0.42961528120032855,20,0.42883046237534,11563,0.38951829110092534,1.2376482055477822,311,0.77491961414791,2.452880925977997
strict_loading,optimistic,30,0.16275343298912048,0.9109136006614303,0.13594453612864169,6.70062678943897,0.051024661340743314,6.409754238077878,0.08280827616038079,0.5857270725128265,30,0.22393472348141433,11563,0.2734584450402145,2.052133835756157,311,0.7684887459807074,5.666565418762643
strict_loading,optimistic,50,0.16275343298912048,0.7930963207937164,0.06569416916149043,12.07255272296868,0.08831856370123144,11.094640769969928,0.14671405357431277,0.7047978973394483,50,0.1359927470534905,11563,0.17858687191905215,2.812979886612027,311,0.2990353697749196,4.560291280977999
strict_loading,optimistic,80,0.16275343298912048,0.7581645307978504,0.033452476717281875,22.66392821091705,0.15387842429835968,19.33031707370835,0.24585161442132125,0.7942463591692253,80,0.12058023572076156,11563,0.15558246129897085,5.008383214701634,311,0.15112540192926044,4.525831016011334
strict_loading,reported,8,0.16275343298912048,0.9937990905332782,0.9854755645489,1.0084462023045577,0.008027166817482128,1.008378403229685,0.0001344466256851007,0.017331897074137022,8,0.9927470534904805,11563,0.9795035890339877,0.9938222444588264,311,1.0,1.014746222511859
strict_loading,reported,12,0.16275343298912048,0.9780901198842497,0.9426436562367829,1.037603248494745,0.00825733859625244,1.0372927457396048,0.0005982094144518456,0.06041485912599799,12,0.970988213961922,11563,0.9275274582720747,0.9836556036651273,311,0.9935691318327974,1.0540534890523674
strict_loading,reported,20,0.16275343298912048,0.8766019016122365,0.5568231011004868,1.5742915476742063,0.012475070449879102,1.5671272201582005,0.009044482444724314,0.2877256842128867,20,0.7243880326382592,11563,0.6353887399463807,1.144253135623754,311,0.9871382636655949,1.7735114225513315
strict_loading,reported,30,0.16275343298912048,0.8083918974782968,0.1130457858902167,7.151013114839668,0.054268191152800134,6.817208759340169,0.0881036441916472,0.6080884399443641,30,0.22393472348141433,11563,0.23713569142955981,2.143708100561845,311,0.7717041800643086,6.847063706045211
strict_loading,reported,50,0.16275343298912048,0.7837949565936337,0.06949238284003549,11.27886143144424,0.0829940906106369,10.425776674428773,0.1376805903968178,0.6998899614092294,50,0.1441523118766999,11563,0.19622935224422727,2.9281743144749623,311,0.7652733118971061,11.069533337552658
strict_loading,reported,80,0.16275343298912048,0.7740801984291029,0.06686846404551222,11.576162388031614,0.08499580127550442,10.677232991441016,0.14084768613005183,0.7153682560352148,80,0.1441523118766999,11563,0.19588342125745914,3.0442315031783918,311,0.7652733118971061,11.50648133246279
strict_loading,pessimistic,8,0.16275343298912048,0.9944191814799503,0.9551031239892854,1.0411642015434408,0.008285442180151105,1.0408231379316606,0.0006549129280100271,0.0444568648713424,8,0.9773345421577516,11563,0.9245005621378535,0.9673528307606111,311,0.9967845659163987,1.0436642826156584
strict_loading,pessimistic,12,0.16275343298912048,0.9747829681686647,0.9251071875803388,1.0536973242184564,0.008384342826462238,1.0532471074433454,0.0008539950747906017,0.07449382491554761,12,0.9619220308250227,11563,0.9031393237049209,0.9758006229496424,311,0.9935691318327974,1.0740453583787861
strict_loading,pessimistic,20,0.16275343298912048,0.9262091773460107,0.505366428103464,1.8327477367696996,0.014493456758977145,1.8206783434556917,0.013069537258464884,0.2927339082279362,20,0.658204895738894,11563,0.5633486119519155,1.1172394044348837,311,0.9871382636655949,1.9542734102026447
strict_loading,pessimistic,30,0.16275343298912048,0.888797023563456,0.19973959845085956,4.449778764234975,0.03447557045042734,4.330845673410204,0.05184461238435813,0.5351414059876503,30,0.36899365367180414,11563,0.30450575110265504,1.5403112349861618,311,0.9807073954983923,4.919857471690322
strict_loading,pessimistic,50,0.16275343298912048,0.8633732947498967,0.0919051607606379,9.394176427137824,0.0700980063099953,8.805761394981102,0.11666064233432935,0.6668615768295035,50,0.18948322756119673,11563,0.25287555132751016,2.8490571575556958,311,0.7717041800643086,8.428921457350286
strict_loading,pessimistic,80,0.16275343298912048,0.8559322033898306,0.09149050861232512,9.355420757542099,0.06982901082594178,8.771969991008392,0.11611293445698972,0.6752052196333176,80,0.18948322756119673,11563,0.2527890685808181,2.8616585873005085,311,0.7717041800643086,8.467289847662508
soft_loading,optimistic,8,0.16275343298912048,0.874948325754444,0.4105835814335354,2.1309871249590606,0.01681229644928112,2.111972634133929,0.01764552263426665,0.3341700793320595,8,0.5847688123300091,11563,0.6086655712185419,1.4965577291129528,311,0.7845659163987139,1.9117542427125047
soft_loading,optimistic,12,0.16275343298912048,0.8478710210830922,0.2790028445137374,3.0389332501638533,0.023804964106849586,2.9903965173274405,0.031308425830919556,0.4489630847358513,12,0.4759746146872167,11563,0.5009945515869584,1.8240394162739717,311,0.7781350482315113,2.7915634810624423
soft_loading,optimistic,20,0.16275343298912048,0.8129392310872261,0.13811565477720741,5.885931123438309,0.0451006249641649,5.665572576239378,0.07145377365904677,0.5664975933204341,20,0.2601994560290118,11563,0.3009599584882816,2.2304651264783724,311,0.7781350482315113,5.647444208171764
soft_loading,optimistic,30,0.16275343298912048,0.8085985944605208,0.09563039566107992,8.45545591305765,0.06353846903474152,7.981747658385957,0.10460189649433951,0.6422342685137635,30,0.17951042611060744,11563,0.2662803770647756,2.885144811792465,311,0.7781350482315113,8.166982367055676
soft_loading,optimistic,50,0.16275343298912048,0.785035138486978,0.07358251163099276,10.668773341467775,0.07885885137660396,9.906304981538899,0.13074469056161542,0.7032612556867407,50,0.16953762466001812,11563,0.2398166565770129,3.4097775840958313,311,0.77491961414791,10.583361493189201
soft_loading,optimistic,80,0.16275343298912048,0.7790409260024803,0.049779819709245915,15.649733778722068,0.11156829080575455,14.01528802027072,0.18381727773314976,0.7636237797760913,80,0.1541251133272892,11563,0.19138631842947332,4.0711036753922984,311,0.21543408360128619,4.335184682911556
soft_loading,reported,8,0.16275343298912048,0.9898718478710211,0.9639136528366353,1.0269300003771036,0.00817309415356679,1.0267098989484658,0.0004285310979238182,0.03874371494006065,8,0.9818676337262012,11563,0.9680013837239471,1.0043240449289403,311,1.0,1.0374573682914778
soft_loading,reported,12,0.16275343298912048,0.9609342703596527,0.5427597588383105,1.7704596825976509,0.01400777975636286,1.7596672530526658,0.012110891240062906,0.3058962130114521,12,0.7234814143245694,11563,0.6049468131107844,1.1170783056200715,311,0.9839228295819936,1.8135754003812037
soft_loading,reported,20,0.16275343298912048,0.9231087226126499,0.157115016212899,5.875369171345084,0.04502333834040709,5.655863775609225,0.0717679664134766,0.5550270933630007,20,0.2629193109700816,11563,0.35751967482487246,2.333734115737838,311,0.77491961414791,4.9422100540184495
soft_loading,reported,30,0.16275343298912048,0.8976849937990905,0.09085360291251669,9.880565712550498,0.07346075778078484,9.228192625784484,0.12289991868854548,0.6462653826994813,30,0.1885766092475068,11563,0.28824699472455245,3.313417246410729,311,0.77491961414791,8.562594601070616
soft_loading,reported,50,0.16275343298912048,0.8172798677139314,0.07538873638904323,10.84087500149044,0.08002914566761794,10.053318182499341,0.13321376685357753,0.6998147091904177,50,0.1885766092475068,11563,0.27216120383983394,3.804261150028211,311,0.77491961414791,10.32844508457903
soft_loading,reported,80,0.16275343298912048,0.8026043819760231,0.050355356891104056,15.938808331985308,0.1133954384837777,14.244815610754722,0.18737941344499756,0.7591404010878389,80,0.1486854034451496,11563,0.16907376978292832,3.5198772015023487,311,0.31189710610932475,6.210568804477532
soft_loading,pessimistic,8,0.16275343298912048,0.9844977263331955,0.9444050985628156,1.0424527862369575,0.008295611494376994,1.0421006144154819,0.0006753429174556811,0.056633011563184205,8,0.971894832275612,11563,0.9458618005707862,1.001572662435623,311,0.9967845659163987,1.0554931355884445
soft_loading,pessimistic,12,0.16275343298912048,0.97912360479537,0.4876607813705083,2.00779648928025,0.015855801576542653,1.991817068116686,0.015786353022312526,0.2805629493360319,12,0.6029011786038078,11563,0.5167344114849087,1.0608552462667857,311,0.9871382636655949,2.0253019677095585
soft_loading,pessimistic,20,0.16275343298912048,0.9613476643241009,0.44438436595540004,2.1633246756043283,0.017063068417364633,2.143474787072883,0.018171973782931082,0.3273202484775284,20,0.5657298277425205,11563,0.4202196661765978,0.9446176830726144,311,0.977491961414791,2.2010169788597302
soft_loading,pessimistic,30,0.16275343298912048,0.9286895411326994,0.2135524908154549,4.348764735014225,0.03371933326829122,4.2358466208771794,0.05048838948623747,0.521687956097028,30,0.37080689029918407,11563,0.29836547608752056,1.4080876988388835,311,0.7684887459807074,3.6034267772863724
soft_loading,pessimistic,50,0.16275343298912048,0.9102935097147582,0.08379788195682641,10.862965607934475,0.08017914686766071,10.072161439905209,0.13471627912449724,0.6740462566977787,50,0.17769718948322757,11563,0.1940672835769264,2.3770599282873004,311,0.7684887459807074,9.209577445767206
soft_loading,pessimistic,80,0.16275343298912048,0.8790822653989252,0.058198916928588605,15.104787370486278,0.10810329927304153,13.580013320191982,0.18091802709000687,0.7310778282241145,80,0.11967361740707162,11563,0.1722736314105336,3.078054098011356,311,0.7684887459807074,13.288217856038973
loading_focus,optimistic,8,0.32550692558288574,0.9088466308391897,0.307215776684939,2.9583331970976383,0.02318823765174927,2.9129229015220286,0.030166150590374346,0.3985902188472225,8,0.39075249320036265,11563,0.42635994119173226,1.3984237163737945,311,0.9839228295819936,3.2063543107924426
loading_focus,optimistic,12,0.32550692558288574,0.8780487804878049,0.19646550508778185,4.4692261885641855,0.03462102689486553,4.3491180153855336,0.05209640079221749,0.5022875976517073,12,0.34904805077062556,11563,0.28219320245611,1.4487105075903566,311,0.977491961414791,4.98561605711818
loading_focus,optimistic,20,0.32550692558288574,0.8712277800744109,0.18934841561414129,4.6011886460662,0.035606879772926946,4.4729615549060915,0.053946905832485396,0.5289853989846441,20,0.34904805077062556,11563,0.27743665138804807,1.4786686134816094,311,0.977491961414791,5.173512088992321
loading_focus,optimistic,30,0.32550692558288574,0.8660603555188094,0.11333272517684914,7.6417500255762185,0.057777164920022064,7.25800853899094,0.09481744980988016,0.6070673003010769,30,0.17407071622846781,11563,0.25088644815359334,2.2675297328176147,311,0.977491961414791,8.659050450069072
loading_focus,optimistic,50,0.32550692558288574,0.7715998346424142,0.0756441621124039,10.200388411941832,0.07565869477097689,9.504299033308293,0.125119926111694,0.6878063393437198,50,0.16228467815049863,11563,0.20747210931419183,2.8394983981477036,311,0.5144694533762058,6.82160209655896
loading_focus,optimistic,80,0.32550692558288574,0.7511368334022324,0.03782456896909183,19.858437356312514,0.13744846628087296,17.26637406523344,0.2219034071221389,0.7806756386487765,80,0.12058023572076156,11563,0.15004756551068063,4.2112448011329855,311,0.18971061093247588,5.025955024635263
loading_focus,reported,8,0.32550692558288574,0.9966928482844151,0.9854523440285944,1.011406441238821,0.008050540431343348,1.0113146132224502,0.00018156342288477625,0.018631411385560636,8,0.9927470534904805,11563,0.9839142091152815,0.9984086871575432,311,1.0,1.014770145815406
loading_focus,reported,12,0.32550692558288574,0.9840843323687474,0.9373477189985321,1.049860486586716,0.008354067892374478,1.0494439486966238,0.0007930882618090523,0.06463434570215504,12,0.9682683590208522,11563,0.908587736746519,0.9687365119412361,311,0.9935691318327974,1.0600120622042855
loading_focus,reported,20,0.32550692558288574,0.9355105415460935,0.5106623653417148,1.8319551332514727,0.014487279617940413,1.8199023666064778,0.01305929821209974,0.2890171280197446,20,0.6600181323662738,11563,0.5676727492865173,1.1140720413248306,311,0.9871382636655949,1.933985955601462
loading_focus,reported,30,0.32550692558288574,0.9036792062835882,0.27817188160851863,3.2486360629194317,0.025405901700312636,3.1915074361451232,0.03447056538474103,0.4573066252869948,30,0.43789664551223934,11563,0.34169333218023007,1.233862565850915,311,0.9871382636655949,3.553336875028775
loading_focus,reported,50,0.32550692558288574,0.8983050847457628,0.2780872925702628,3.2302989339895594,0.025266119796057182,3.1739479339423604,0.03419394405737604,0.4617930684555745,50,0.43789664551223934,11563,0.3413474011934619,1.232967262763298,311,0.9871382636655949,3.5544197174761716
loading_focus,reported,80,0.32550692558288574,0.861306324927656,0.10236268794108622,8.41426053039338,0.0632484859523701,7.945319777389581,0.10456240926516623,0.6774290788541135,80,0.24660018132366274,11563,0.1799705958661247,1.7846226512387788,311,0.7717041800643086,7.56444833306449
loading_focus,pessimistic,8,0.32550692558288574,0.9882182720132286,0.94270336614614,1.0482812595155546,0.008341606313170526,1.0478785162563717,0.0007680157289663499,0.057388962291755205,8,0.970988213961922,11563,0.9135172533079651,0.9684537031234312,311,0.9935691318327974,1.0539866900191548
loading_focus,pessimistic,12,0.32550692558288574,0.9789169078131459,0.9077564830863388,1.078391535673603,0.008579150635103507,1.077719002880542,0.0012462793501849514,0.09170498929903657,12,0.9528558476881233,11563,0.8434662284874168,0.9278917771813272,311,0.9935691318327974,1.0945860775021363
loading_focus,pessimistic,20,0.32550692558288574,0.9737494832575444,0.461345297429986,2.1106739110206734,0.01665470563488332,2.09217596397628,0.01736792787891554,0.31800799407952873,20,0.5829555757026292,11563,0.4569748335207126,0.9903432493078721,311,0.9871382636655949,2.1409543674996567
loading_focus,pessimistic,30,0.32550692558288574,0.9625878462174452,0.45180166358441903,2.130554010316489,0.01680893685369331,2.1115505993473898,0.01766969792054644,0.3309332372043831,30,0.5747960108794198,11563,0.43180835423333047,0.9549213137098724,311,0.977491961414791,2.1648421718832416
loading_focus,pessimistic,50,0.32550692558288574,0.9557668458040512,0.4517270261977227,2.115806206790267,0.01669452698238482,2.0971783499638947,0.017441144677846625,0.3361001353660729,50,0.5747960108794198,11563,0.43154890599325435,0.9544974759294403,311,0.977491961414791,2.165200261410256
loading_focus,pessimistic,80,0.32550692558288574,0.9350971475816453,0.42179411691531976,2.2169516123653694,0.01747865394274234,2.195680936267773,0.018983764890597783,0.36945726889187813,80,0.5530371713508613,11563,0.3870967741935484,0.9162648665608744,311,0.9196141479099679,2.181572962708205
