view,mask_fraction,distance_threshold,rule,eligible_pairs,accepted_pairs,contradictory_pairs,reference_close_pairs,retained_reference_close_pairs,n_article_groups,n_query_runs,retained_fraction,retained_fraction_ci_low,retained_fraction_ci_high,contradiction_fraction,contradiction_fraction_ci_low,contradiction_fraction_ci_high,reference_close_recall,reference_close_recall_ci_low,reference_close_recall_ci_high
balanced_instance,0.25,0.1,coverage_0.5,42666,9,3,12,6,93,360,0.00021094079594993672,2.3619292518031304e-05,0.00046448917345477523,0.3333333333333333,0.0,1.0,0.5,0.0,1.0
balanced_instance,0.25,0.1,coverage_0.75,42666,0,0,12,0,93,360,0.0,0.0,0.0,,,,0.0,0.0,0.0
balanced_instance,0.25,0.1,interval_upper,42666,0,0,12,0,93,360,0.0,0.0,0.0,,,,0.0,0.0,0.0
balanced_instance,0.25,0.1,reported_point,42666,15,3,12,12,93,360,0.00035156799324989455,9.150029338304049e-05,0.0006511272114897071,0.2,0.0,0.6490196078431377,1.0,1.0,1.0
balanced_instance,0.25,0.2,coverage_0.5,42666,22,6,42,16,93,360,0.000515633056766512,0.00017875317496989141,0.0009210628792395754,0.2727272727272727,0.05555555555555555,0.5557291666666665,0.38095238095238093,0.14285714285714285,0.6666666666666666
balanced_instance,0.25,0.2,coverage_0.75,42666,0,0,42,0,93,360,0.0,0.0,0.0,,,,0.0,0.0,0.0
balanced_instance,0.25,0.2,interval_upper,42666,0,0,42,0,93,360,0.0,0.0,0.0,,,,0.0,0.0,0.0
balanced_instance,0.25,0.2,reported_point,42666,43,6,42,37,93,360,0.0010078282473163643,0.0004802139458381366,0.0015492772407666026,0.13953488372093023,0.023242600422832983,0.3111458333333333,0.8809523809523809,0.7777777777777778,0.9792906746031744
balanced_instance,0.25,0.3,coverage_0.5,42666,72,6,147,66,93,360,0.0016875263675994938,0.0008833269500664357,0.0026138703982549923,0.08333333333333333,0.02418394777265745,0.171875,0.4489795918367347,0.29411764705882354,0.6001639344262293
balanced_instance,0.25,0.3,coverage_0.75,42666,0,0,147,0,93,360,0.0,0.0,0.0,,,,0.0,0.0,0.0
balanced_instance,0.25,0.3,interval_upper,42666,0,0,147,0,93,360,0.0,0.0,0.0,,,,0.0,0.0,0.0
balanced_instance,0.25,0.3,reported_point,42666,136,24,147,112,93,360,0.00318754980546571,0.0020154691728088963,0.004393293575604949,0.17647058823529413,0.07255184331797236,0.31579796264855686,0.7619047619047619,0.6337910798122066,0.875063775510204
balanced_instance,0.25,0.4,coverage_0.5,42666,276,60,480,216,93,360,0.006468851075798059,0.004709190120216643,0.008299467851317667,0.21739130434782608,0.11045586515016982,0.3426693404634581,0.45,0.3371252718235477,0.5582482993197279
balanced_instance,0.25,0.4,coverage_0.75,42666,0,0,480,0,93,360,0.0,0.0,0.0,,,,0.0,0.0,0.0
balanced_instance,0.25,0.4,interval_upper,42666,0,0,480,0,93,360,0.0,0.0,0.0,,,,0.0,0.0,0.0
balanced_instance,0.25,0.4,reported_point,42666,510,88,480,422,93,360,0.011953311770496414,0.0093398403424023,0.014529656672045123,0.17254901960784313,0.10296409872849664,0.25356614246068454,0.8791666666666667,0.8369816555514712,0.9196867469879518
balanced_instance,0.25,0.5,coverage_0.5,42666,1302,101,1950,1201,93,360,0.030516101814090844,0.024206853868874095,0.037341494759078706,0.07757296466973887,0.05426684563000755,0.10667942338593862,0.615897435897436,0.5359586243173068,0.6897490887883616
balanced_instance,0.25,0.5,coverage_0.75,42666,0,0,1950,0,93,360,0.0,0.0,0.0,,,,0.0,0.0,0.0
balanced_instance,0.25,0.5,interval_upper,42666,6,0,1950,6,93,360,0.0001406271972999578,0.0,0.0003635306092773012,0.0,0.0,0.0,0.003076923076923077,0.0,0.008488964346349746
balanced_instance,0.25,0.5,reported_point,42666,1918,168,1950,1750,93,360,0.04495382740355318,0.03755887803182379,0.0521876567094493,0.08759124087591241,0.06058715562822458,0.11823789999271084,0.8974358974358975,0.8676464205473856,0.9221787837784958
balanced_instance,0.5,0.1,coverage_0.5,42666,6,0,12,6,93,360,0.0001406271972999578,0.0,0.0003635306092773012,0.0,0.0,0.0,0.5,0.0,1.0
balanced_instance,0.5,0.1,coverage_0.75,42666,0,0,12,0,93,360,0.0,0.0,0.0,,,,0.0,0.0,0.0
balanced_instance,0.5,0.1,interval_upper,42666,0,0,12,0,93,360,0.0,0.0,0.0,,,,0.0,0.0,0.0
balanced_instance,0.5,0.1,reported_point,42666,12,0,12,12,93,360,0.0002812543945999156,6.698482213657248e-05,0.0005967032147385695,0.0,0.0,0.0,1.0,1.0,1.0
balanced_instance,0.5,0.2,coverage_0.5,42666,24,9,42,15,93,360,0.0005625087891998312,0.00022504573394876548,0.0009774454463260269,0.375,0.11527777777777778,0.6785714285714286,0.35714285714285715,0.13333333333333333,0.6296296296296297
balanced_instance,0.5,0.2,coverage_0.75,42666,0,0,42,0,93,360,0.0,0.0,0.0,,,,0.0,0.0,0.0
balanced_instance,0.5,0.2,interval_upper,42666,0,0,42,0,93,360,0.0,0.0,0.0,,,,0.0,0.0,0.0
balanced_instance,0.5,0.2,reported_point,42666,45,9,42,36,93,360,0.0010547039797496837,0.0005261213571219944,0.001578397876457468,0.2,0.04345513413506013,0.40552668052668045,0.8571428571428571,0.7333333333333333,1.0
balanced_instance,0.5,0.3,coverage_0.5,42666,70,9,147,61,93,360,0.0016406506351661744,0.0007714972609659743,0.002694195046834048,0.12857142857142856,0.033684840670473386,0.27780054644808744,0.41496598639455784,0.22614795918367347,0.6095296167247387
balanced_instance,0.5,0.3,coverage_0.75,42666,0,0,147,0,93,360,0.0,0.0,0.0,,,,0.0,0.0,0.0
balanced_instance,0.5,0.3,interval_upper,42666,0,0,147,0,93,360,0.0,0.0,0.0,,,,0.0,0.0,0.0
balanced_instance,0.5,0.3,reported_point,42666,136,33,147,103,93,360,0.00318754980546571,0.0020851987406854027,0.004393697287248743,0.2426470588235294,0.1320754716981132,0.3813615075825156,0.7006802721088435,0.5489607843137255,0.8518888888888889
balanced_instance,0.5,0.4,coverage_0.5,42666,253,69,480,184,93,360,0.005929780152814887,0.004335107485104183,0.007566253671469832,0.2727272727272727,0.17446122168840084,0.3936686621551275,0.38333333333333336,0.27394293924466334,0.49112970362970365
balanced_instance,0.5,0.4,coverage_0.75,42666,0,0,480,0,93,360,0.0,0.0,0.0,,,,0.0,0.0,0.0
balanced_instance,0.5,0.4,interval_upper,42666,0,0,480,0,93,360,0.0,0.0,0.0,,,,0.0,0.0,0.0
balanced_instance,0.5,0.4,reported_point,42666,489,114,480,375,93,360,0.011461116579946562,0.009211137032176932,0.013876696307242083,0.2331288343558282,0.1649127543686024,0.3082361786819991,0.78125,0.7151384347067801,0.843400447427293
balanced_instance,0.5,0.5,coverage_0.5,42666,1095,121,1950,974,93,360,0.025664463507242302,0.020430346051464064,0.03143738578068035,0.11050228310502283,0.08338185797851858,0.14171175628447516,0.49948717948717947,0.43198655890533094,0.5603992883736274
balanced_instance,0.5,0.5,coverage_0.75,42666,0,0,1950,0,93,360,0.0,0.0,0.0,,,,0.0,0.0,0.0
balanced_instance,0.5,0.5,interval_upper,42666,6,0,1950,6,93,360,0.0001406271972999578,0.0,0.0003635306092773012,0.0,0.0,0.0,0.003076923076923077,0.0,0.008488964346349746
balanced_instance,0.5,0.5,reported_point,42666,1753,221,1950,1532,93,360,0.04108657947780434,0.03457314556577341,0.04766024734100691,0.12606959498003423,0.09479822948112322,0.16143287132070758,0.7856410256410257,0.7527655437844701,0.8197061204205465
balanced_instance,0.75,0.1,coverage_0.5,42666,6,0,12,6,93,360,0.0001406271972999578,0.0,0.0003635306092773012,0.0,0.0,0.0,0.5,0.0,1.0
balanced_instance,0.75,0.1,coverage_0.75,42666,0,0,12,0,93,360,0.0,0.0,0.0,,,,0.0,0.0,0.0
balanced_instance,0.75,0.1,interval_upper,42666,0,0,12,0,93,360,0.0,0.0,0.0,,,,0.0,0.0,0.0
balanced_instance,0.75,0.1,reported_point,42666,11,0,12,11,93,360,0.000257816528383256,4.574670051922505e-05,0.0005243045927561544,0.0,0.0,0.0,0.9166666666666666,0.6666666666666666,1.0
balanced_instance,0.75,0.2,coverage_0.5,42666,16,9,42,7,93,360,0.00037500585946655417,7.0876745339854e-05,0.0007797020026964546,0.5625,0.27102272727272725,1.0,0.16666666666666666,0.0,0.4336111111111109
balanced_instance,0.75,0.2,coverage_0.75,42666,0,0,42,0,93,360,0.0,0.0,0.0,,,,0.0,0.0,0.0
balanced_instance,0.75,0.2,interval_upper,42666,0,0,42,0,93,360,0.0,0.0,0.0,,,,0.0,0.0,0.0
balanced_instance,0.75,0.2,reported_point,42666,36,11,42,25,93,360,0.0008437631837997469,0.000405085016448122,0.0013329743200093094,0.3055555555555556,0.11357323232323233,0.5238392857142857,0.5952380952380952,0.3808035714285714,0.875
balanced_instance,0.75,0.3,coverage_0.5,42666,57,16,147,41,93,360,0.0013359583743495992,0.0005666556558147009,0.0022249932761192206,0.2807017543859649,0.14285714285714285,0.5429220779220778,0.2789115646258503,0.10142876674870113,0.4483784893267651
balanced_instance,0.75,0.3,coverage_0.75,42666,0,0,147,0,93,360,0.0,0.0,0.0,,,,0.0,0.0,0.0
balanced_instance,0.75,0.3,interval_upper,42666,0,0,147,0,93,360,0.0,0.0,0.0,,,,0.0,0.0,0.0
balanced_instance,0.75,0.3,reported_point,42666,149,53,147,96,93,360,0.0034922420662822857,0.002363273182046301,0.004702514491705993,0.35570469798657717,0.24,0.5,0.6530612244897959,0.524774023084411,0.7971014492753623
balanced_instance,0.75,0.4,coverage_0.5,42666,214,96,480,118,93,360,0.005015703370365162,0.0035792637622424858,0.006541860345575237,0.4485981308411215,0.32905701754385963,0.5893924991358451,0.24583333333333332,0.15696746971553013,0.33863095238095237
balanced_instance,0.75,0.4,coverage_0.75,42666,0,0,480,0,93,360,0.0,0.0,0.0,,,,0.0,0.0,0.0
balanced_instance,0.75,0.4,interval_upper,42666,0,0,480,0,93,360,0.0,0.0,0.0,,,,0.0,0.0,0.0
balanced_instance,0.75,0.4,reported_point,42666,505,203,480,302,93,360,0.011836122439413116,0.009610406823128973,0.01431906768272789,0.401980198019802,0.31816970343089745,0.49267466110531805,0.6291666666666667,0.5586663004028901,0.7069488197963749
balanced_instance,0.75,0.5,coverage_0.5,42666,761,195,1950,566,93,360,0.017836216190877982,0.013806469927563902,0.0221308838754594,0.25624178712220763,0.21082684749942207,0.31075642410788396,0.29025641025641025,0.24197495224416632,0.33817188667336473
balanced_instance,0.75,0.5,coverage_0.75,42666,0,0,1950,0,93,360,0.0,0.0,0.0,,,,0.0,0.0,0.0
balanced_instance,0.75,0.5,interval_upper,42666,6,0,1950,6,93,360,0.0001406271972999578,0.0,0.0003635306092773012,0.0,0.0,0.0,0.003076923076923077,0.0,0.008488964346349746
balanced_instance,0.75,0.5,reported_point,42666,1674,407,1950,1267,93,360,0.03923498804668823,0.03349023265865982,0.04564070005524833,0.24313022700119474,0.1987033355244489,0.29126371985657756,0.6497435897435897,0.603545024349305,0.6942111278745485
experimental_protocol,0.25,0.1,coverage_0.5,42666,88,47,48,41,93,360,0.002062532227066048,0.00103520693350296,0.0032352895677615645,0.5340909090909091,0.31683864915572235,0.7407407407407407,0.8541666666666666,0.7,1.0
experimental_protocol,0.25,0.1,coverage_0.75,42666,6,2,48,4,93,360,0.0001406271972999578,0.0,0.0003877659832291212,0.3333333333333333,0.0,1.0,0.08333333333333333,0.0,0.2962962962962963
experimental_protocol,0.25,0.1,interval_upper,42666,0,0,48,0,93,360,0.0,0.0,0.0,,,,0.0,0.0,0.0
experimental_protocol,0.25,0.1,reported_point,42666,88,47,48,41,93,360,0.002062532227066048,0.00103520693350296,0.0032352895677615645,0.5340909090909091,0.31683864915572235,0.7407407407407407,0.8541666666666666,0.7,1.0
experimental_protocol,0.25,0.2,coverage_0.5,42666,142,58,108,84,93,360,0.003328177002765668,0.001987849548825159,0.00490248681242447,0.4084507042253521,0.2533025210084034,0.5816212765957446,0.7777777777777778,0.6341260162601626,0.8913085608358611
experimental_protocol,0.25,0.2,coverage_0.75,42666,12,5,108,7,93,360,0.0002812543945999156,4.647799635939479e-05,0.000581816009484979,0.4166666666666667,0.0,0.9399999999999977,0.06481481481481481,0.0,0.14705882352941177
experimental_protocol,0.25,0.2,interval_upper,42666,0,0,108,0,93,360,0.0,0.0,0.0,,,,0.0,0.0,0.0
experimental_protocol,0.25,0.2,reported_point,42666,142,58,108,84,93,360,0.003328177002765668,0.001987849548825159,0.00490248681242447,0.4084507042253521,0.2533025210084034,0.5816212765957446,0.7777777777777778,0.6341260162601626,0.8913085608358611
experimental_protocol,0.25,0.3,coverage_0.5,42666,317,82,264,235,93,360,0.007429803590681104,0.004844888368832497,0.010405230665674163,0.2586750788643533,0.11894314537869974,0.4050090668154554,0.8901515151515151,0.8332854406130269,0.9497716894977168
experimental_protocol,0.25,0.3,coverage_0.75,42666,24,0,264,24,93,360,0.0005625087891998312,9.530003114365748e-05,0.0011543445450128795,0.0,0.0,0.0,0.09090909090909091,0.020194482134780645,0.17545876184714657
experimental_protocol,0.25,0.3,interval_upper,42666,21,0,264,21,93,360,0.0004921951905498523,0.00013840734692040566,0.0009458429465654339,0.0,0.0,0.0,0.07954545454545454,0.026501623376623377,0.14125353107344632
experimental_protocol,0.25,0.3,reported_point,42666,317,82,264,235,93,360,0.007429803590681104,0.004844888368832497,0.010405230665674163,0.2586750788643533,0.11894314537869974,0.4050090668154554,0.8901515151515151,0.8332854406130269,0.9497716894977168
experimental_protocol,0.25,0.4,coverage_0.5,42666,673,214,534,459,93,360,0.015773683963811933,0.01204366991987554,0.019851122392311005,0.3179791976225854,0.22690499983914295,0.40754442641292626,0.8595505617977528,0.802010347376201,0.9079594494047619
experimental_protocol,0.25,0.4,coverage_0.75,42666,26,0,534,26,93,360,0.0006093845216331506,9.530003114365748e-05,0.0012743205640613354,0.0,0.0,0.0,0.04868913857677903,0.009247076023391813,0.09453160334690185
experimental_protocol,0.25,0.4,interval_upper,42666,104,0,534,104,93,360,0.002437538086532602,0.0012554503208366484,0.003954471434922731,0.0,0.0,0.0,0.1947565543071161,0.10658968780796192,0.29711727873927113
experimental_protocol,0.25,0.4,reported_point,42666,673,214,534,459,93,360,0.015773683963811933,0.01204366991987554,0.019851122392311005,0.3179791976225854,0.22690499983914295,0.40754442641292626,0.8595505617977528,0.802010347376201,0.9079594494047619
experimental_protocol,0.25,0.5,coverage_0.5,42666,1528,271,1548,1257,93,360,0.03581305957905592,0.03016467052825499,0.0419443457297592,0.17735602094240838,0.13946839049943158,0.22370602840927623,0.812015503875969,0.7814523257482148,0.8443110337972166
experimental_protocol,0.25,0.5,coverage_0.75,42666,27,0,1548,27,93,360,0.0006328223878498101,9.530003114365748e-05,0.0013143319506274303,0.0,0.0,0.0,0.01744186046511628,0.002956229682972614,0.03473491773308958
experimental_protocol,0.25,0.5,interval_upper,42666,346,0,1548,346,93,360,0.008109501710964234,0.005825264947694757,0.010380526233325572,0.0,0.0,0.0,0.2235142118863049,0.17474158334540887,0.2687743557510999
experimental_protocol,0.25,0.5,reported_point,42666,1528,271,1548,1257,93,360,0.03581305957905592,0.03016467052825499,0.0419443457297592,0.17735602094240838,0.13946839049943158,0.22370602840927623,0.812015503875969,0.7814523257482148,0.8443110337972166
experimental_protocol,0.5,0.1,coverage_0.5,42666,108,64,48,44,93,360,0.0025312895513992404,0.001388260209255006,0.0038474982292949207,0.5925925925925926,0.37837013843111406,0.7857488479262672,0.9166666666666666,0.8180976430976431,1.0
experimental_protocol,0.5,0.1,coverage_0.75,42666,1,1,48,0,93,360,2.3437866216659635e-05,0.0,7.14796283059328e-05,1.0,1.0,1.0,0.0,0.0,0.0
experimental_protocol,0.5,0.1,interval_upper,42666,0,0,48,0,93,360,0.0,0.0,0.0,,,,0.0,0.0,0.0
experimental_protocol,0.5,0.1,reported_point,42666,108,64,48,44,93,360,0.0025312895513992404,0.001388260209255006,0.0038474982292949207,0.5925925925925926,0.37837013843111406,0.7857488479262672,0.9166666666666666,0.8180976430976431,1.0
experimental_protocol,0.5,0.2,coverage_0.5,42666,176,89,108,87,93,360,0.004125064454132096,0.0025742378301891115,0.005937739804226169,0.5056818181818182,0.3636250565355043,0.6600562913907284,0.8055555555555556,0.6664634146341463,0.9035087719298246
experimental_protocol,0.5,0.2,coverage_0.75,42666,2,1,108,1,93,360,4.687573243331927e-05,0.0,0.0001429592566118656,0.5,0.5,0.5,0.009259259259259259,0.0,0.03125
experimental_protocol,0.5,0.2,interval_upper,42666,0,0,108,0,93,360,0.0,0.0,0.0,,,,0.0,0.0,0.0
experimental_protocol,0.5,0.2,reported_point,42666,176,89,108,87,93,360,0.004125064454132096,0.0025742378301891115,0.005937739804226169,0.5056818181818182,0.3636250565355043,0.6600562913907284,0.8055555555555556,0.6664634146341463,0.9035087719298246
experimental_protocol,0.5,0.3,coverage_0.5,42666,360,138,264,222,93,360,0.00843763183799747,0.005561401187278534,0.01156597940809082,0.38333333333333336,0.25330434782608696,0.5065531295487627,0.8409090909090909,0.7499556737588653,0.9300574501894634
experimental_protocol,0.5,0.3,coverage_0.75,42666,5,0,264,5,93,360,0.00011718933108329818,0.0,0.00035739814152966406,0.0,0.0,0.0,0.01893939393939394,0.0,0.05749647106271423
experimental_protocol,0.5,0.3,interval_upper,42666,2,0,264,2,93,360,4.687573243331927e-05,0.0,0.0001429592566118656,0.0,0.0,0.0,0.007575757575757576,0.0,0.022998588425085693
experimental_protocol,0.5,0.3,reported_point,42666,360,138,264,222,93,360,0.00843763183799747,0.005561401187278534,0.01156597940809082,0.38333333333333336,0.25330434782608696,0.5065531295487627,0.8409090909090909,0.7499556737588653,0.9300574501894634
experimental_protocol,0.5,0.4,coverage_0.5,42666,699,277,534,422,93,360,0.016383068485445084,0.012364990908927663,0.020564218693928785,0.39628040057224606,0.3110168713726549,0.4738659251263472,0.7902621722846442,0.7267578983732178,0.8506850566313482
experimental_protocol,0.5,0.4,coverage_0.75,42666,5,0,534,5,93,360,0.00011718933108329818,0.0,0.00035739814152966406,0.0,0.0,0.0,0.009363295880149813,0.0,0.02718517295219792
experimental_protocol,0.5,0.4,interval_upper,42666,79,0,534,79,93,360,0.0018515914311161112,0.00089755643542325,0.002975068211185995,0.0,0.0,0.0,0.14794007490636704,0.07936507936507936,0.2275517310702336
experimental_protocol,0.5,0.4,reported_point,42666,699,277,534,422,93,360,0.016383068485445084,0.012364990908927663,0.020564218693928785,0.39628040057224606,0.3110168713726549,0.4738659251263472,0.7902621722846442,0.7267578983732178,0.8506850566313482
experimental_protocol,0.5,0.5,coverage_0.5,42666,1350,306,1548,1044,93,360,0.03164111939249051,0.0266010742596162,0.037233958184693966,0.22666666666666666,0.18519484010682885,0.2731822234247341,0.6744186046511628,0.6385170479611773,0.7166042188332689
experimental_protocol,0.5,0.5,coverage_0.75,42666,5,0,1548,5,93,360,0.00011718933108329818,0.0,0.00035739814152966406,0.0,0.0,0.0,0.003229974160206718,0.0,0.009652976408295556
experimental_protocol,0.5,0.5,interval_upper,42666,292,0,1548,292,93,360,0.006843856935264614,0.004773945393902515,0.009072242276007466,0.0,0.0,0.0,0.18863049095607234,0.1440228846732912,0.23123589542459244
experimental_protocol,0.5,0.5,reported_point,42666,1350,306,1548,1044,93,360,0.03164111939249051,0.0266010742596162,0.037233958184693966,0.22666666666666666,0.18519484010682885,0.2731822234247341,0.6744186046511628,0.6385170479611773,0.7166042188332689
experimental_protocol,0.75,0.1,coverage_0.5,42666,136,90,48,46,93,360,0.00318754980546571,0.0018753270138980676,0.004653338856317325,0.6617647058823529,0.49501894633907834,0.8145834492737493,0.9583333333333334,0.8664912280701754,1.0
experimental_protocol,0.75,0.1,coverage_0.75,42666,0,0,48,0,93,360,0.0,0.0,0.0,,,,0.0,0.0,0.0
experimental_protocol,0.75,0.1,interval_upper,42666,0,0,48,0,93,360,0.0,0.0,0.0,,,,0.0,0.0,0.0
experimental_protocol,0.75,0.1,reported_point,42666,136,90,48,46,93,360,0.00318754980546571,0.0018753270138980676,0.004653338856317325,0.6617647058823529,0.49501894633907834,0.8145834492737493,0.9583333333333334,0.8664912280701754,1.0
experimental_protocol,0.75,0.2,coverage_0.5,42666,203,123,108,80,93,360,0.004757886841981906,0.003253876917072336,0.006364372172500716,0.6059113300492611,0.45929162891372194,0.7465143804000474,0.7407407407407407,0.5746305418719212,0.8692881500426257
experimental_protocol,0.75,0.2,coverage_0.75,42666,0,0,108,0,93,360,0.0,0.0,0.0,,,,0.0,0.0,0.0
experimental_protocol,0.75,0.2,interval_upper,42666,0,0,108,0,93,360,0.0,0.0,0.0,,,,0.0,0.0,0.0
experimental_protocol,0.75,0.2,reported_point,42666,203,123,108,80,93,360,0.004757886841981906,0.003253876917072336,0.006364372172500716,0.6059113300492611,0.45929162891372194,0.7465143804000474,0.7407407407407407,0.5746305418719212,0.8692881500426257
experimental_protocol,0.75,0.3,coverage_0.5,42666,495,312,264,183,93,360,0.01160174377724652,0.00829125203332969,0.015448318372573114,0.6303030303030303,0.5235288250063256,0.7286563023450586,0.6931818181818182,0.5633144662366724,0.837228143841516
experimental_protocol,0.75,0.3,coverage_0.75,42666,0,0,264,0,93,360,0.0,0.0,0.0,,,,0.0,0.0,0.0
experimental_protocol,0.75,0.3,interval_upper,42666,0,0,264,0,93,360,0.0,0.0,0.0,,,,0.0,0.0,0.0
experimental_protocol,0.75,0.3,reported_point,42666,495,312,264,183,93,360,0.01160174377724652,0.00829125203332969,0.015448318372573114,0.6303030303030303,0.5235288250063256,0.7286563023450586,0.6931818181818182,0.5633144662366724,0.837228143841516
experimental_protocol,0.75,0.4,coverage_0.5,42666,948,573,534,375,93,360,0.022219097173393335,0.017752181007794868,0.02741135342742148,0.6044303797468354,0.5185460543412183,0.6880018348623853,0.702247191011236,0.6068803879310345,0.7836944018404908
experimental_protocol,0.75,0.4,coverage_0.75,42666,0,0,534,0,93,360,0.0,0.0,0.0,,,,0.0,0.0,0.0
experimental_protocol,0.75,0.4,interval_upper,42666,12,0,534,12,93,360,0.0002812543945999156,0.0,0.0006358656622469769,0.0,0.0,0.0,0.02247191011235955,0.0,0.047081965273464074
experimental_protocol,0.75,0.4,reported_point,42666,948,573,534,375,93,360,0.022219097173393335,0.017752181007794868,0.02741135342742148,0.6044303797468354,0.5185460543412183,0.6880018348623853,0.702247191011236,0.6068803879310345,0.7836944018404908
experimental_protocol,0.75,0.5,coverage_0.5,42666,1556,651,1548,905,93,360,0.03646931983312239,0.031149468224723753,0.04228620789045709,0.41838046272493573,0.36004630150048644,0.47388219363574813,0.584625322997416,0.5360832342891101,0.6340124045801526
experimental_protocol,0.75,0.5,coverage_0.75,42666,0,0,1548,0,93,360,0.0,0.0,0.0,,,,0.0,0.0,0.0
experimental_protocol,0.75,0.5,interval_upper,42666,259,0,1548,259,93,360,0.006070407350114846,0.004044799765561325,0.008249370666109843,0.0,0.0,0.0,0.16731266149870802,0.12052794641397711,0.2135038533128167
experimental_protocol,0.75,0.5,reported_point,42666,1556,651,1548,905,93,360,0.03646931983312239,0.031149468224723753,0.04228620789045709,0.41838046272493573,0.36004630150048644,0.47388219363574813,0.584625322997416,0.5360832342891101,0.6340124045801526
material_identity,0.25,0.1,coverage_0.5,42666,0,0,1029,0,93,360,0.0,0.0,0.0,,,,0.0,0.0,0.0
material_identity,0.25,0.1,coverage_0.75,42666,0,0,1029,0,93,360,0.0,0.0,0.0,,,,0.0,0.0,0.0
material_identity,0.25,0.1,interval_upper,42666,0,0,1029,0,93,360,0.0,0.0,0.0,,,,0.0,0.0,0.0
material_identity,0.25,0.1,reported_point,42666,1029,0,1029,1029,93,360,0.024117564336942766,0.016043304052685368,0.03255003016732776,0.0,0.0,0.0,1.0,1.0,1.0
material_identity,0.25,0.2,coverage_0.5,42666,0,0,1074,0,93,360,0.0,0.0,0.0,,,,0.0,0.0,0.0
material_identity,0.25,0.2,coverage_0.75,42666,0,0,1074,0,93,360,0.0,0.0,0.0,,,,0.0,0.0,0.0
material_identity,0.25,0.2,interval_upper,42666,0,0,1074,0,93,360,0.0,0.0,0.0,,,,0.0,0.0,0.0
material_identity,0.25,0.2,reported_point,42666,1074,0,1074,1074,93,360,0.025172268316692448,0.016945491750275453,0.0337238095145614,0.0,0.0,0.0,1.0,1.0,1.0
material_identity,0.25,0.3,coverage_0.5,42666,0,0,2496,0,93,360,0.0,0.0,0.0,,,,0.0,0.0,0.0
material_identity,0.25,0.3,coverage_0.75,42666,0,0,2496,0,93,360,0.0,0.0,0.0,,,,0.0,0.0,0.0
material_identity,0.25,0.3,interval_upper,42666,0,0,2496,0,93,360,0.0,0.0,0.0,,,,0.0,0.0,0.0
material_identity,0.25,0.3,reported_point,42666,2496,0,2496,2496,93,360,0.05850091407678245,0.04623890093659951,0.0704942767466992,0.0,0.0,0.0,1.0,1.0,1.0
material_identity,0.25,0.4,coverage_0.5,42666,0,0,3552,0,93,360,0.0,0.0,0.0,,,,0.0,0.0,0.0
material_identity,0.25,0.4,coverage_0.75,42666,0,0,3552,0,93,360,0.0,0.0,0.0,,,,0.0,0.0,0.0
material_identity,0.25,0.4,interval_upper,42666,0,0,3552,0,93,360,0.0,0.0,0.0,,,,0.0,0.0,0.0
material_identity,0.25,0.4,reported_point,42666,3552,0,3552,3552,93,360,0.08325130080157503,0.06919507555650216,0.09751879294594748,0.0,0.0,0.0,1.0,1.0,1.0
material_identity,0.25,0.5,coverage_0.5,42666,0,0,4434,0,93,360,0.0,0.0,0.0,,,,0.0,0.0,0.0
material_identity,0.25,0.5,coverage_0.75,42666,0,0,4434,0,93,360,0.0,0.0,0.0,,,,0.0,0.0,0.0
material_identity,0.25,0.5,interval_upper,42666,0,0,4434,0,93,360,0.0,0.0,0.0,,,,0.0,0.0,0.0
material_identity,0.25,0.5,reported_point,42666,4434,0,4434,4434,93,360,0.10392349880466882,0.08746138149520147,0.11980128339563813,0.0,0.0,0.0,1.0,1.0,1.0
material_identity,0.5,0.1,coverage_0.5,42666,0,0,1029,0,93,360,0.0,0.0,0.0,,,,0.0,0.0,0.0
material_identity,0.5,0.1,coverage_0.75,42666,0,0,1029,0,93,360,0.0,0.0,0.0,,,,0.0,0.0,0.0
material_identity,0.5,0.1,interval_upper,42666,0,0,1029,0,93,360,0.0,0.0,0.0,,,,0.0,0.0,0.0
material_identity,0.5,0.1,reported_point,42666,1029,0,1029,1029,93,360,0.024117564336942766,0.016043304052685368,0.03255003016732776,0.0,0.0,0.0,1.0,1.0,1.0
material_identity,0.5,0.2,coverage_0.5,42666,0,0,1074,0,93,360,0.0,0.0,0.0,,,,0.0,0.0,0.0
material_identity,0.5,0.2,coverage_0.75,42666,0,0,1074,0,93,360,0.0,0.0,0.0,,,,0.0,0.0,0.0
material_identity,0.5,0.2,interval_upper,42666,0,0,1074,0,93,360,0.0,0.0,0.0,,,,0.0,0.0,0.0
material_identity,0.5,0.2,reported_point,42666,1074,0,1074,1074,93,360,0.025172268316692448,0.016945491750275453,0.0337238095145614,0.0,0.0,0.0,1.0,1.0,1.0
material_identity,0.5,0.3,coverage_0.5,42666,0,0,2496,0,93,360,0.0,0.0,0.0,,,,0.0,0.0,0.0
material_identity,0.5,0.3,coverage_0.75,42666,0,0,2496,0,93,360,0.0,0.0,0.0,,,,0.0,0.0,0.0
material_identity,0.5,0.3,interval_upper,42666,0,0,2496,0,93,360,0.0,0.0,0.0,,,,0.0,0.0,0.0
material_identity,0.5,0.3,reported_point,42666,2496,0,2496,2496,93,360,0.05850091407678245,0.04623890093659951,0.0704942767466992,0.0,0.0,0.0,1.0,1.0,1.0
material_identity,0.5,0.4,coverage_0.5,42666,0,0,3552,0,93,360,0.0,0.0,0.0,,,,0.0,0.0,0.0
material_identity,0.5,0.4,coverage_0.75,42666,0,0,3552,0,93,360,0.0,0.0,0.0,,,,0.0,0.0,0.0
material_identity,0.5,0.4,interval_upper,42666,0,0,3552,0,93,360,0.0,0.0,0.0,,,,0.0,0.0,0.0
material_identity,0.5,0.4,reported_point,42666,3552,0,3552,3552,93,360,0.08325130080157503,0.06919507555650216,0.09751879294594748,0.0,0.0,0.0,1.0,1.0,1.0
material_identity,0.5,0.5,coverage_0.5,42666,0,0,4434,0,93,360,0.0,0.0,0.0,,,,0.0,0.0,0.0
material_identity,0.5,0.5,coverage_0.75,42666,0,0,4434,0,93,360,0.0,0.0,0.0,,,,0.0,0.0,0.0
material_identity,0.5,0.5,interval_upper,42666,0,0,4434,0,93,360,0.0,0.0,0.0,,,,0.0,0.0,0.0
material_identity,0.5,0.5,reported_point,42666,4434,0,4434,4434,93,360,0.10392349880466882,0.08746138149520147,0.11980128339563813,0.0,0.0,0.0,1.0,1.0,1.0
material_identity,0.75,0.1,coverage_0.5,42666,0,0,1029,0,93,360,0.0,0.0,0.0,,,,0.0,0.0,0.0
material_identity,0.75,0.1,coverage_0.75,42666,0,0,1029,0,93,360,0.0,0.0,0.0,,,,0.0,0.0,0.0
material_identity,0.75,0.1,interval_upper,42666,0,0,1029,0,93,360,0.0,0.0,0.0,,,,0.0,0.0,0.0
material_identity,0.75,0.1,reported_point,42666,1029,0,1029,1029,93,360,0.024117564336942766,0.016043304052685368,0.03255003016732776,0.0,0.0,0.0,1.0,1.0,1.0
material_identity,0.75,0.2,coverage_0.5,42666,0,0,1074,0,93,360,0.0,0.0,0.0,,,,0.0,0.0,0.0
material_identity,0.75,0.2,coverage_0.75,42666,0,0,1074,0,93,360,0.0,0.0,0.0,,,,0.0,0.0,0.0
material_identity,0.75,0.2,interval_upper,42666,0,0,1074,0,93,360,0.0,0.0,0.0,,,,0.0,0.0,0.0
material_identity,0.75,0.2,reported_point,42666,1074,0,1074,1074,93,360,0.025172268316692448,0.016945491750275453,0.0337238095145614,0.0,0.0,0.0,1.0,1.0,1.0
material_identity,0.75,0.3,coverage_0.5,42666,0,0,2496,0,93,360,0.0,0.0,0.0,,,,0.0,0.0,0.0
material_identity,0.75,0.3,coverage_0.75,42666,0,0,2496,0,93,360,0.0,0.0,0.0,,,,0.0,0.0,0.0
material_identity,0.75,0.3,interval_upper,42666,0,0,2496,0,93,360,0.0,0.0,0.0,,,,0.0,0.0,0.0
material_identity,0.75,0.3,reported_point,42666,2496,0,2496,2496,93,360,0.05850091407678245,0.04623890093659951,0.0704942767466992,0.0,0.0,0.0,1.0,1.0,1.0
material_identity,0.75,0.4,coverage_0.5,42666,0,0,3552,0,93,360,0.0,0.0,0.0,,,,0.0,0.0,0.0
material_identity,0.75,0.4,coverage_0.75,42666,0,0,3552,0,93,360,0.0,0.0,0.0,,,,0.0,0.0,0.0
material_identity,0.75,0.4,interval_upper,42666,0,0,3552,0,93,360,0.0,0.0,0.0,,,,0.0,0.0,0.0
material_identity,0.75,0.4,reported_point,42666,3552,0,3552,3552,93,360,0.08325130080157503,0.06919507555650216,0.09751879294594748,0.0,0.0,0.0,1.0,1.0,1.0
material_identity,0.75,0.5,coverage_0.5,42666,0,0,4434,0,93,360,0.0,0.0,0.0,,,,0.0,0.0,0.0
material_identity,0.75,0.5,coverage_0.75,42666,0,0,4434,0,93,360,0.0,0.0,0.0,,,,0.0,0.0,0.0
material_identity,0.75,0.5,interval_upper,42666,0,0,4434,0,93,360,0.0,0.0,0.0,,,,0.0,0.0,0.0
material_identity,0.75,0.5,reported_point,42666,4434,0,4434,4434,93,360,0.10392349880466882,0.08746138149520147,0.11980128339563813,0.0,0.0,0.0,1.0,1.0,1.0
